user_id,fmps_1,fmps_2,fmps_3,fmps_4,fmps_5,fmps_6,fmps_7,fmps_8,fmps_9,fmps_10,fmps_11,fmps_12,fmps_13,fmps_14,fmps_15,fmps_16,fmps_17,fmps_18,fmps_19,fmps_20,fmps_21,fmps_22,fmps_23,fmps_24,fmps_25,fmps_26,fmps_27,fmps_28,fmps_29,fmps_30,fmps_31,fmps_32,fmps_33,fmps_34,fmps_35
3334247770,4,4,1,3,1,5,5,5,5,4,2,4,1,4,1,4,3,5,5,1,4,3,1,1,2,5,5,2,4,1,5,2,4,2,3
3294886377,3,5,3,4,1,4,4,5,5,4,3,4,2,3,1,4,4,5,4,3,4,2,3,4,2,3,4,4,4,4,5,2,4,3,2
3487119790,3,4,3,4,2,4,4,4,4,4,2,4,3,4,3,4,3,4,4,3,4,3,4,4,4,2,4,4,4,4,4,2,4,4,2
3346121179,4,3,4,4,4,5,2,3,3,4,3,4,4,4,3,5,4,5,4,4,4,4,4,4,4,4,3,4,3,4,2,3,4,4,4
3703107268,4,4,2,5,2,3,2,5,4,5,2,3,3,2,2,3,4,3,3,3,4,3,4,4,3,3,4,2,3,4,4,2,4,3,4
3208909600,4,5,3,4,2,4,4,5,3,4,2,2,1,1,3,3,4,4,3,3,2,4,4,4,2,4,5,3,4,3,5,2,4,4,2
3317719173,1,4,4,1,4,2,3,5,5,4,1,1,3,4,2,1,4,3,1,1,1,1,1,1,2,3,4,4,4,1,2,4,4,2,1
3920062595,3,4,3,2,2,4,4,4,2,4,2,2,2,1,2,4,4,4,4,2,4,2,4,4,2,2,4,2,3,2,4,2,4,3,2
3337769377,3,4,4,3,3,4,4,5,3,5,2,2,3,2,2,4,5,5,3,2,4,3,4,4,3,2,4,5,4,4,4,3,4,5,2
3278582193,4,4,4,2,3,4,2,5,4,4,2,2,2,4,5,4,3,4,2,2,4,5,2,4,3,4,5,4,3,3,4,3,5,4,5
3703293103,4,5,2,2,1,3,2,4,5,4,1,4,2,2,1,5,2,3,4,2,2,2,2,4,2,3,4,4,2,4,5,4,2,2,2
3331208683,2,4,2,2,1,4,4,4,2,4,2,4,4,2,2,4,4,4,4,4,4,2,4,4,3,2,4,4,3,4,4,4,3,3,2
3444258212,1,3,2,1,1,2,3,4,1,2,1,4,1,1,1,3,1,1,2,1,1,1,1,3,1,2,4,3,4,3,3,2,4,2,2
3890065938,4,4,4,3,3,4,4,4,5,5,4,3,4,4,3,4,4,5,3,4,5,5,4,4,3,5,5,5,5,3,5,4,4,4,4
3469730627,3,4,3,3,2,5,2,4,2,4,2,3,3,2,2,4,3,4,3,3,4,3,4,4,4,3,4,2,4,4,4,2,2,4,2
3311128391,3,4,1,2,2,4,4,4,2,3,1,3,1,1,1,4,2,3,2,2,2,1,1,4,1,1,4,1,4,3,4,2,4,1,1
3270624644,3,4,4,2,3,3,3,4,3,4,4,2,3,4,3,4,4,4,2,2,2,2,4,4,1,3,4,3,3,3,4,3,4,2,2
3280632529,4,4,3,2,4,4,4,4,4,4,2,2,2,3,1,2,3,4,3,1,2,4,2,3,2,4,4,3,4,2,4,3,4,3,4
3313382094,4,4,2,4,3,4,2,5,4,4,3,5,4,2,2,5,2,4,4,2,4,4,4,5,4,2,3,5,4,4,5,5,5,4,2
3460591283,4,5,3,3,4,3,5,5,3,4,3,4,4,4,3,4,4,4,4,2,4,4,4,4,4,2,5,5,5,4,5,4,4,3,5
3809075395,3,4,3,4,4,3,4,4,2,3,3,4,3,2,4,3,5,4,2,3,3,2,2,4,2,2,4,4,3,4,4,3,4,4,2
3332440775,3,4,2,3,2,2,4,4,3,3,1,2,3,3,2,3,2,3,2,1,1,1,2,2,1,1,4,2,3,3,5,4,3,3,2
3398964382,2,4,2,2,2,3,4,4,1,2,1,1,1,1,2,4,1,1,3,1,2,2,2,2,2,2,4,2,5,2,5,2,2,2,2
3348106800,1,5,2,1,1,2,5,5,4,4,1,2,2,2,1,4,2,4,2,1,2,1,3,4,2,1,5,1,5,2,5,2,2,2,1
3469464166,4,3,3,3,2,3,2,4,4,4,4,4,4,3,2,3,3,4,2,2,2,2,2,4,2,5,4,2,2,3,2,4,4,3,3
3392465292,4,3,4,3,4,4,2,4,4,4,2,2,3,4,2,4,4,4,4,3,4,3,4,2,3,5,2,2,2,2,2,4,4,4,3
3335607912,4,4,3,2,3,4,4,4,5,5,3,2,4,4,2,2,4,4,2,2,4,3,4,2,3,3,4,4,4,4,4,3,4,4,3
3669301160,3,5,2,3,1,4,5,5,4,4,1,3,3,2,1,4,2,4,3,2,2,1,4,5,4,2,5,2,5,3,5,1,2,2,1
3314455802,3,4,4,4,1,4,4,4,4,3,2,3,1,4,2,4,3,4,3,1,2,3,4,3,2,3,4,2,4,3,4,2,2,2,2
3336846971,3,4,2,2,2,4,3,3,2,4,2,2,2,2,2,3,3,4,2,2,3,2,4,4,2,2,4,3,4,4,2,4,4,3,2
3296113480,4,4,2,1,3,4,4,4,3,5,4,3,1,4,3,3,3,5,3,4,4,3,3,2,3,4,4,2,3,3,3,4,4,4,3
3921981520,3,5,3,3,5,4,4,5,3,4,3,3,4,4,3,4,4,4,3,3,2,3,4,3,3,3,4,4,4,3,4,4,4,4,3
3334741408,4,2,3,2,3,3,1,3,2,3,3,2,1,2,2,3,3,3,2,3,4,3,1,3,2,4,2,2,1,3,2,2,3,4,4
3665355105,3,5,2,4,1,4,5,5,3,4,2,2,2,2,1,4,4,4,3,1,2,1,2,4,1,1,5,3,5,4,5,2,1,2,2
3420798804,5,5,5,2,3,3,4,4,5,4,4,2,2,4,4,2,5,4,3,4,2,4,2,5,2,4,4,4,4,3,4,2,4,3,3
3383061603,3,5,4,3,2,4,5,5,2,4,3,4,2,2,1,4,2,3,4,4,2,1,2,3,2,1,5,2,5,3,5,2,3,2,3
3662125608,4,5,2,1,1,4,2,5,4,5,2,4,1,4,4,5,4,5,4,4,2,2,3,4,1,5,3,1,4,5,5,2,3,2,2
3392736399,2,3,2,1,3,1,1,3,2,2,2,2,3,3,3,4,3,3,3,3,3,2,2,3,3,2,3,3,3,3,2,4,4,3,3
3493224825,3,5,3,4,1,5,4,4,1,4,3,3,2,1,1,5,4,4,3,3,1,3,1,3,1,2,4,3,4,3,4,1,1,3,3
3246292649,3,4,2,3,3,2,3,4,5,5,2,3,4,5,1,5,5,5,4,2,5,4,4,3,2,4,4,5,4,3,3,3,4,3,4
3665244090,2,4,4,3,5,2,2,5,5,4,2,2,4,2,2,1,2,3,4,1,3,3,4,4,3,2,4,4,2,2,4,4,4,4,2
3389126365,2,4,5,2,4,2,2,4,4,5,5,2,5,5,3,2,5,5,4,3,5,5,5,2,2,5,2,5,3,2,4,2,5,5,4
3938867612,2,4,2,4,1,2,4,4,5,4,2,2,4,4,3,4,4,3,2,1,3,1,4,3,4,2,4,3,4,3,4,2,4,4,2
3407230127,3,5,4,3,1,5,3,5,5,5,3,4,4,4,1,5,5,5,4,4,4,1,4,4,4,3,4,3,3,5,5,4,4,5,1
3895730674,3,4,3,4,3,3,3,3,4,4,4,3,4,4,3,3,3,5,4,4,3,3,4,3,3,4,4,4,4,4,3,4,4,4,4
3663738920,3,4,4,5,2,5,2,2,5,5,3,5,4,4,2,5,5,5,5,2,4,4,5,4,3,2,4,3,4,3,2,2,5,4,2
3888185906,4,4,3,2,1,4,4,4,2,3,2,4,3,4,2,3,4,4,4,2,3,1,2,4,2,2,4,3,4,4,4,5,4,2,2
3395927320,2,5,2,2,1,3,2,5,1,1,2,2,2,2,1,3,2,3,2,3,3,2,2,4,2,2,4,3,3,3,2,2,4,4,2
3491070201,3,5,2,3,1,2,4,4,2,3,2,1,2,2,1,4,2,3,3,2,2,2,1,3,1,3,5,2,4,3,4,2,2,2,2
3334297641,3,5,2,2,2,2,5,5,3,4,2,2,2,2,2,5,2,3,3,2,2,2,2,4,2,1,5,2,4,3,5,2,4,2,2
3925598264,2,5,3,3,2,4,4,4,4,4,2,3,4,4,4,4,4,4,3,2,4,2,4,4,3,2,4,3,4,3,4,1,2,4,2
3331478533,3,4,1,2,4,5,2,4,5,5,2,4,5,4,1,3,4,5,4,4,4,3,5,4,4,2,4,5,4,4,2,5,5,4,2
3888281971,3,3,3,2,2,4,3,3,4,4,3,3,2,3,2,3,3,4,3,2,3,2,4,3,3,2,4,4,3,3,3,3,3,4,2
3421895411,4,5,2,5,2,2,4,5,3,2,1,5,1,1,2,4,2,3,5,1,1,1,1,5,1,1,5,2,4,2,4,2,3,1,1
3467014707,2,5,2,5,2,5,2,5,5,5,2,3,5,5,2,4,4,5,3,2,4,2,5,4,5,3,2,4,3,4,5,2,5,5,2
3277379787,3,4,3,3,3,3,4,4,4,4,2,3,3,3,4,4,2,3,3,3,3,2,3,4,3,3,4,1,4,3,4,2,4,4,2
3920884364,4,3,3,4,2,4,3,4,2,4,2,2,2,4,2,4,3,4,2,3,2,2,2,4,2,2,3,2,3,3,2,2,4,2,2
3662258943,4,5,4,4,3,5,5,5,5,4,2,4,3,2,2,4,4,3,4,3,4,2,4,5,2,2,5,2,4,4,5,4,2,4,2
3311506647,3,4,4,2,2,3,3,4,3,4,2,2,4,3,2,4,4,4,3,3,2,2,2,4,2,2,4,3,4,2,4,4,4,2,2
3928102467,3,4,3,2,2,3,4,4,2,3,2,2,2,2,2,3,2,4,2,2,2,3,2,3,2,2,4,2,4,3,4,2,3,4,2
3348921243,3,5,3,3,3,3,3,4,2,2,2,2,2,2,2,3,3,2,3,2,2,2,2,2,2,2,4,2,3,3,3,2,3,2,2
3423315515,4,3,3,4,3,5,2,4,4,5,2,5,2,2,3,3,2,3,5,3,3,2,2,4,2,2,2,1,2,4,2,3,4,2,1
3475648095,4,4,4,2,2,4,4,4,4,4,3,4,3,4,4,3,3,4,4,3,4,4,4,4,2,4,4,2,4,3,4,4,4,4,4
3318207859,3,5,3,2,1,2,4,4,3,3,2,2,2,1,1,3,4,3,2,2,2,2,2,4,2,2,4,4,4,3,4,3,3,2,2
3394341908,4,3,3,1,3,4,3,4,1,3,3,3,3,3,4,4,3,3,3,5,1,3,1,3,1,5,3,3,3,3,3,2,3,1,3
3490815665,4,4,2,2,2,4,3,4,3,4,2,3,3,4,2,3,2,4,3,2,2,2,2,4,2,2,4,2,4,3,4,2,3,2,2
3271273161,2,5,4,4,2,5,5,5,2,4,2,3,3,4,1,4,2,4,3,1,2,1,1,4,2,1,5,2,5,4,5,2,4,2,2
3493727344,3,4,2,2,2,3,4,5,2,4,2,3,3,2,2,4,3,4,4,2,2,2,2,4,2,2,4,3,4,3,5,2,3,2,2
3492432569,4,3,4,2,2,3,2,2,4,4,3,3,3,4,3,3,4,4,3,3,4,3,3,4,3,4,3,4,2,3,2,4,4,4,5
3311815277,5,4,5,4,5,5,3,5,4,5,5,4,5,5,5,3,5,5,4,5,5,5,5,5,5,4,4,5,5,4,4,4,5,5,5
3662895706,4,4,4,3,4,2,2,4,4,5,4,2,4,4,4,2,4,3,2,3,2,4,4,3,2,4,4,4,2,2,2,4,4,4,4
3669722811,3,5,3,2,4,3,4,5,3,5,2,2,3,3,2,4,4,5,2,1,3,2,5,4,3,2,5,2,3,5,5,3,4,2,1
3806823362,4,5,5,2,3,4,4,5,4,4,4,4,2,3,4,4,2,4,4,4,3,2,4,4,2,4,4,2,4,3,4,2,2,3,3
3703258744,3,5,4,4,3,3,5,5,4,3,2,4,2,2,2,4,4,2,3,2,2,2,3,4,2,3,5,4,5,3,5,4,4,2,3
3385930632,3,4,2,4,3,3,4,4,4,4,2,2,2,2,2,1,2,3,2,2,4,2,4,4,2,2,4,4,3,2,2,4,4,3,3
3467474349,2,4,3,2,2,2,4,4,4,5,2,2,3,2,2,4,2,4,3,2,2,3,2,4,2,3,4,4,3,4,4,1,1,2,2
3668615349,4,4,3,1,2,2,4,4,1,1,1,1,2,1,1,4,3,3,3,2,1,1,1,4,1,1,4,1,4,2,4,1,1,1,1
3493200977,2,4,1,1,1,3,3,4,2,2,1,2,2,2,1,4,2,3,3,1,2,1,2,4,1,1,4,2,3,3,3,2,3,2,1
3779569933,3,5,1,2,1,3,4,5,2,2,1,1,1,1,1,4,4,1,1,1,1,3,1,3,1,3,5,2,4,2,5,2,4,1,2
3887744678,4,4,3,2,1,3,4,4,3,4,3,2,3,2,3,3,2,4,4,2,2,2,4,2,2,4,4,5,4,2,4,3,4,2,5
3383928947,2,5,1,1,3,4,3,5,3,4,2,2,1,3,1,5,2,4,2,2,3,2,2,3,2,3,4,2,4,2,4,2,2,4,1
3472369691,4,2,4,2,3,4,1,2,5,5,3,3,4,4,3,2,4,4,2,2,4,4,4,2,4,3,2,5,3,4,2,5,4,3,3
3663995281,4,4,3,3,2,4,2,4,4,4,4,3,4,4,4,4,4,4,3,4,5,4,4,4,4,4,3,3,3,4,4,3,3,4,3
3313450012,3,4,2,1,2,2,4,4,1,4,2,2,3,2,1,4,3,3,2,1,1,2,3,2,2,3,4,4,4,3,4,2,3,3,2
3349104292,4,4,4,2,3,3,3,4,1,4,3,3,1,2,1,4,1,2,2,3,1,2,2,3,1,2,4,2,3,2,4,1,1,2,2
3895555996,4,3,2,4,2,3,2,4,1,4,2,5,2,2,2,4,4,3,3,2,2,2,2,4,2,4,3,4,2,2,3,2,3,4,2
3883816051,4,5,2,3,3,4,4,4,4,4,2,3,4,3,2,4,3,4,4,3,2,2,3,2,2,4,4,4,4,4,4,3,4,2,2
3477588121,2,2,3,1,4,2,3,2,1,1,3,1,1,1,2,1,1,2,1,2,1,2,2,4,1,4,3,1,4,1,3,2,4,1,2
3421018235,3,4,2,5,3,5,4,4,4,4,2,2,4,4,2,4,3,4,2,2,3,1,4,4,4,2,4,3,4,4,4,3,5,4,2
3280004109,3,4,1,2,2,4,4,5,2,4,2,2,2,2,1,3,2,4,2,2,1,1,1,4,1,3,5,2,5,3,4,2,2,1,1
3289189898,3,5,3,2,3,3,4,4,3,4,2,3,2,2,2,3,4,4,3,3,2,2,2,4,1,2,4,3,4,2,4,4,4,2,2
3428948629,3,4,2,1,1,2,1,4,1,3,1,2,4,2,1,3,5,4,3,1,1,1,1,4,1,4,4,2,2,3,2,2,5,2,1
3458886355,3,3,2,2,1,3,4,4,4,4,4,3,4,3,2,4,3,4,3,3,2,2,3,3,2,1,5,4,4,3,2,4,4,2,2
3881466599,3,4,3,4,2,5,3,4,5,5,2,4,4,4,2,4,3,5,3,2,4,1,5,5,4,2,4,3,4,2,3,4,5,5,1
3463723465,4,5,4,4,3,4,3,5,4,5,2,3,4,4,2,4,4,5,4,3,4,3,4,4,3,3,4,4,4,4,3,5,4,4,3
3342410340,3,4,4,3,2,4,3,4,3,4,1,2,3,4,2,4,4,4,2,1,2,1,2,4,2,2,4,3,4,2,4,2,2,3,1
3808941373,3,4,2,2,1,3,3,4,2,3,2,2,2,2,2,4,3,3,2,2,3,2,2,4,2,2,4,2,3,2,3,2,4,3,2
3314389060,2,3,1,1,2,1,4,4,2,2,1,1,1,1,1,4,1,2,2,1,1,3,1,4,2,2,4,1,2,1,4,2,4,1,1
3494236417,3,4,3,2,4,2,1,5,2,4,2,3,3,4,2,3,4,4,4,3,4,3,4,3,3,4,4,4,4,4,4,2,3,4,3
3336861167,4,5,3,3,2,5,4,5,3,4,3,4,4,4,1,3,2,4,4,3,2,2,2,4,2,4,4,4,4,4,4,2,2,2,2
3339582765,3,4,2,2,3,3,3,4,2,4,1,3,2,3,1,4,2,5,2,1,4,1,1,4,3,1,4,2,4,4,4,1,1,3,1
3391467959,4,5,4,5,3,3,3,4,3,4,5,2,2,4,2,4,4,4,4,4,3,3,4,3,4,3,5,4,4,4,4,3,4,3,3
3891217212,3,4,4,1,2,2,4,4,2,3,1,1,1,1,1,2,3,2,1,2,1,3,2,2,1,2,5,2,4,2,4,2,3,2,2
3505065648,2,4,3,1,2,2,2,5,2,4,2,3,2,2,2,4,4,4,3,2,2,1,2,4,2,1,3,3,2,2,4,3,4,1,1
3921884140,3,4,4,2,2,2,2,4,2,3,2,2,2,2,2,4,3,3,2,2,2,2,2,2,2,2,3,2,2,2,4,2,2,2,2
3483400286,2,1,2,3,2,2,5,5,2,4,2,2,2,2,1,3,4,4,2,2,2,4,4,4,2,2,5,2,4,3,5,2,4,2,4
3313233935,3,4,2,2,1,3,5,4,3,3,2,3,1,1,1,4,3,3,3,3,1,1,1,1,1,1,4,2,3,3,4,1,3,1,1
3664300311,1,4,2,3,1,2,3,4,1,4,1,1,2,1,1,4,2,3,2,1,2,1,3,3,2,2,4,2,4,2,3,2,4,3,3
3347443867,3,5,1,3,1,4,4,5,4,4,1,3,2,4,1,4,4,4,2,1,3,2,3,4,1,2,4,5,4,1,5,2,5,2,2
3247822380,5,4,4,4,4,3,3,4,5,5,5,5,4,4,4,4,5,5,5,5,4,5,4,4,5,5,4,4,3,4,4,2,4,4,4
3319425650,2,4,1,3,2,4,4,4,4,4,2,4,4,5,2,4,5,5,5,1,3,1,4,5,3,1,4,4,4,5,4,3,3,4,1
3465959424,3,4,1,1,1,1,3,4,3,4,1,2,1,2,1,4,2,3,2,2,1,1,1,4,1,1,4,1,3,3,4,1,1,1,1
3459372766,3,4,3,4,1,4,4,5,4,4,3,4,4,4,2,4,4,5,4,2,3,2,4,4,2,2,5,3,4,4,5,3,2,3,2
3334364444,4,4,4,3,3,3,3,3,3,4,3,2,4,4,3,4,4,4,3,3,3,3,3,3,2,3,3,4,2,2,3,4,4,3,2
3423734900,2,5,2,5,4,4,2,4,4,4,1,4,4,5,2,3,4,4,4,2,3,2,4,4,2,1,2,5,4,4,3,5,5,2,1
3386008212,2,3,2,2,3,3,2,4,2,4,2,2,4,4,2,2,4,4,3,2,3,3,4,3,2,2,2,4,4,3,3,4,4,2,2
3487202110,4,4,3,2,1,2,4,4,4,4,2,3,2,2,2,3,3,4,2,2,3,2,4,4,2,3,4,3,5,3,4,2,4,3,3
3891205133,5,5,4,2,4,4,5,5,4,5,4,5,5,5,4,5,3,5,5,4,3,2,4,5,3,2,5,2,5,3,5,4,5,3,2
3921625402,3,4,4,4,2,4,2,4,4,4,2,5,2,2,1,3,5,4,4,2,2,3,4,4,2,1,4,4,2,3,3,4,4,3,2
3450660188,2,5,2,2,2,2,3,4,2,4,1,2,1,2,1,4,4,4,2,1,2,1,2,2,2,2,4,2,4,2,4,2,3,2,2
3405320767,2,3,4,2,2,2,4,3,2,3,2,2,3,2,1,3,3,4,2,1,2,2,2,4,2,2,3,3,2,3,1,3,3,2,2
34601046526,3,4,4,2,1,4,3,4,4,4,2,2,4,4,2,4,4,4,4,3,3,1,4,3,2,3,4,4,4,4,3,2,4,3,2
3285486203,2,4,3,4,3,3,4,4,3,4,1,2,2,1,2,4,3,4,3,3,2,3,2,3,2,1,4,3,4,2,4,2,3,3,2
3382353432,3,5,3,1,3,4,5,5,1,3,4,3,3,4,3,4,4,4,3,3,2,3,2,4,3,3,5,3,5,3,5,3,3,3,3
3398621330,3,4,1,4,4,5,2,4,3,4,1,3,3,4,1,4,3,5,4,3,4,2,4,4,3,1,4,2,2,3,3,3,4,3,1
3347076857,4,5,4,3,2,2,4,5,2,2,3,3,2,3,3,4,3,3,4,3,1,2,2,3,2,4,4,4,5,4,4,3,4,3,3
3493865607,2,2,3,2,1,3,1,2,2,2,1,1,3,2,1,4,4,4,2,2,2,2,1,3,2,2,2,2,1,2,2,4,4,4,2
3420547059,5,5,5,4,5,5,4,4,5,5,5,5,3,5,4,1,5,5,2,5,5,5,5,4,5,5,4,5,4,4,4,5,5,4,5
3339880271,3,5,2,4,1,3,5,5,5,4,1,3,3,2,1,4,1,4,3,2,1,1,3,4,1,1,5,1,5,3,5,2,5,3,1
3337222747,1,3,2,2,2,4,2,3,5,5,2,3,5,5,2,1,4,5,3,1,5,2,5,4,3,2,3,5,3,3,3,4,5,4,2
3896211241,2,4,4,1,1,1,1,4,1,1,1,2,1,1,1,4,1,3,1,1,1,1,2,4,1,1,5,1,3,2,2,1,4,1,1
3667000898,3,4,4,3,2,2,4,4,2,4,2,2,2,3,2,3,4,3,2,3,3,2,4,4,2,3,4,3,4,3,4,4,4,3,1
3391627654,3,4,1,1,2,3,3,4,2,4,1,1,2,3,2,4,4,3,2,1,3,4,3,2,3,4,4,2,3,2,3,2,3,3,2
3406882472,2,3,3,2,1,3,2,4,1,4,1,4,2,2,1,5,2,4,4,1,1,1,2,4,1,1,3,1,2,4,3,2,3,1,1
3338029881,3,5,4,3,3,4,5,5,3,4,3,2,4,4,3,4,4,4,4,4,4,4,3,3,2,3,4,4,5,4,4,4,4,4,3
3931636103,2,3,2,2,2,2,3,4,2,2,2,2,2,2,2,4,3,4,3,2,2,2,2,4,2,3,4,2,2,3,3,2,4,2,2
3426549445,4,5,5,1,5,5,3,4,4,5,4,5,5,5,4,4,4,4,5,4,4,4,3,4,4,2,4,4,4,4,4,3,4,5,2
3463775011,2,4,2,3,1,3,5,5,2,2,1,2,2,2,2,4,2,2,3,3,2,2,2,2,2,2,4,5,4,2,5,2,2,2,2
3807607123,4,4,4,3,2,3,3,4,4,4,4,3,5,4,2,4,4,4,3,3,4,5,5,2,2,3,4,2,3,2,4,3,5,2,2
3927302099,4,4,3,3,4,4,3,4,3,4,2,2,2,4,3,3,4,4,3,4,3,4,3,3,3,4,4,2,4,2,4,4,4,3,4
3771015565,5,5,4,4,2,5,5,5,5,4,3,5,2,3,2,5,4,5,5,3,2,4,4,5,4,2,5,4,5,5,5,2,4,4,2
3497824506,4,3,4,2,4,2,2,4,3,4,2,2,2,4,2,2,4,4,2,2,4,4,2,4,2,4,3,4,4,2,2,4,4,4,4
3279312977,2,5,2,2,3,4,4,5,3,4,2,3,2,2,2,4,2,4,5,2,3,3,3,4,3,3,5,4,4,3,5,2,3,3,3
3388996332,3,3,3,3,2,1,2,3,1,3,1,1,1,2,2,2,4,4,1,1,1,3,2,3,2,2,4,2,2,2,2,2,4,2,1
3272161067,4,4,3,2,4,3,3,4,4,4,2,2,4,4,2,2,4,4,2,2,4,3,4,4,2,3,4,4,3,2,3,3,4,4,2
3316198240,5,4,2,2,1,4,4,4,4,4,4,4,2,4,2,4,2,4,4,4,2,1,2,4,2,2,4,2,4,4,4,2,2,2,2
3358378894,3,4,2,2,2,3,3,4,2,4,3,2,3,2,1,2,4,4,2,1,3,3,3,2,3,4,4,4,4,3,3,2,4,3,3
3382881255,3,4,2,2,2,4,2,4,4,4,2,4,2,4,2,2,3,4,4,2,4,2,4,4,2,1,4,2,4,4,4,2,5,4,2
3453934331,4,4,3,3,2,4,3,4,5,4,3,3,4,4,3,4,4,4,4,3,3,2,3,4,2,3,4,2,2,4,4,2,2,3,2
3208693225,3,3,2,4,2,5,3,3,4,3,1,2,4,5,2,4,4,4,4,3,5,2,5,5,5,1,3,2,4,4,3,3,3,5,3
3703403724,2,3,1,2,2,3,3,4,3,4,1,2,2,3,1,5,4,4,2,2,2,3,2,3,2,2,4,2,5,3,3,2,3,3,1
3470115511,4,4,4,2,4,3,1,4,5,5,2,2,4,4,2,4,5,4,3,2,3,2,4,4,2,4,2,4,3,4,4,2,2,4,2
3401031360,3,4,2,4,1,4,4,4,3,4,2,3,2,4,2,4,4,3,3,2,2,2,4,4,2,2,4,4,4,3,4,4,4,3,3
3661166007,4,5,4,4,2,4,3,4,4,4,3,3,4,3,2,4,4,4,4,3,4,2,4,4,3,2,4,2,4,4,4,3,3,4,2
3920921922,2,3,1,1,1,3,2,3,2,4,1,1,2,2,1,2,3,4,1,1,1,1,1,2,1,1,3,3,3,2,3,2,3,2,1
3335443937,2,3,3,2,2,3,2,3,4,4,2,2,3,2,2,2,4,3,2,2,4,3,4,2,3,2,2,4,3,2,2,3,4,4,2
3312571418,5,5,5,5,5,5,5,5,4,5,4,5,1,4,2,5,5,5,5,5,4,5,4,4,4,4,5,4,5,4,5,2,2,4,5
4389943231,2,4,3,2,2,3,4,4,4,2,2,2,2,2,2,3,3,3,2,3,2,2,3,3,3,3,4,3,4,3,4,3,3,4,2
3492366988,4,3,4,5,1,5,2,4,4,5,1,2,2,2,2,2,4,5,5,4,4,2,4,4,3,5,3,4,3,3,2,4,4,4,2
3382161024,4,5,5,5,5,5,4,5,5,5,4,4,5,5,4,4,5,5,4,4,4,4,4,5,5,4,4,4,4,5,5,2,4,5,4
3347892623,5,3,3,2,4,5,1,1,1,4,5,5,4,4,4,5,2,3,4,4,2,3,3,5,2,5,1,5,1,4,1,2,2,2,2
3427335142,3,5,2,1,1,3,4,5,1,2,3,1,2,4,1,5,1,3,3,3,1,1,1,1,1,3,5,1,5,2,5,2,4,1,1
3421843835,3,4,2,2,2,3,4,4,2,3,2,2,2,2,2,4,3,4,2,2,2,2,2,3,2,4,4,2,4,2,4,2,4,2,2
3802426721,4,4,5,2,3,4,2,4,5,5,2,4,5,5,4,2,5,5,4,4,5,2,4,4,4,2,4,4,4,5,2,4,4,4,2
3451263546,4,4,3,1,2,2,4,4,2,4,2,2,2,2,2,3,4,4,2,2,2,3,2,3,2,2,4,2,3,2,4,2,3,2,2
3911072456,2,4,1,2,2,1,3,4,2,3,2,1,2,2,2,2,3,3,2,2,2,3,2,3,2,4,4,1,2,2,3,2,3,2,3
3274685227,3,2,2,4,2,4,1,4,4,5,2,3,2,3,1,4,5,5,5,2,3,2,5,4,2,2,3,2,3,2,2,4,4,4,1
3913468055,3,5,4,3,3,4,5,5,3,4,2,2,3,3,2,4,3,4,2,2,4,3,3,4,3,3,5,4,5,3,5,2,4,4,3
3426894007,4,5,2,3,2,1,4,4,4,4,2,1,3,2,2,4,4,3,3,2,2,2,4,5,1,2,4,2,4,2,4,2,4,3,2
3317606566,4,4,4,5,4,5,3,4,5,5,3,4,5,5,3,4,5,5,3,3,5,4,5,4,4,3,3,4,3,5,4,3,4,5,3
3459300091,3,4,4,3,4,4,4,5,4,4,3,4,3,4,4,5,3,4,4,4,4,3,4,4,3,4,5,3,4,4,5,2,3,4,2
3396144039,2,5,2,1,2,1,4,4,1,4,4,2,1,2,1,3,2,3,2,2,1,2,1,2,2,3,4,3,4,2,4,3,4,2,2
3662879175,2,5,1,2,2,4,5,5,2,2,1,2,1,1,1,4,1,4,4,2,1,1,1,4,1,1,5,1,5,4,5,1,1,1,1
3318419640,4,4,4,4,2,4,4,5,2,5,4,4,3,2,3,5,4,5,4,4,4,4,2,4,4,2,5,3,3,5,4,2,3,4,2
3387752052,4,4,3,4,4,4,5,5,3,4,3,4,2,4,3,4,4,4,4,3,2,3,4,4,2,4,4,4,4,4,4,4,5,3,3
3716383664,2,4,1,3,1,3,2,4,3,4,1,4,4,4,1,4,4,5,3,1,1,2,4,3,1,1,4,3,3,3,3,2,4,2,2
3396105812,2,4,1,1,1,1,4,4,1,3,1,2,1,1,1,4,4,4,3,2,2,2,2,3,3,2,4,3,4,4,4,3,3,4,2
3479146532,3,1,4,1,2,1,1,1,3,4,3,2,2,3,2,2,4,3,1,2,2,2,3,2,1,2,1,2,1,2,1,3,4,2,3
3703103013,2,3,2,4,4,2,2,3,4,4,1,1,2,3,2,2,4,3,2,1,4,5,4,4,2,2,2,4,2,2,3,3,4,4,3
3349010634,2,5,4,5,3,5,5,5,5,3,3,4,3,2,3,5,4,5,5,3,3,3,3,4,3,3,5,3,5,5,5,5,4,4,3
3661375646,4,5,3,4,2,4,5,5,4,4,3,4,3,2,2,4,4,4,2,3,2,4,4,4,2,4,5,3,5,4,5,2,2,4,2
3401961300,4,4,2,2,2,3,1,5,4,2,2,1,1,3,1,2,4,3,1,4,3,4,2,1,1,4,4,1,4,2,4,2,4,3,4
3283564346,3,3,4,3,3,4,2,2,4,4,3,2,5,4,1,3,5,4,1,3,3,3,4,5,2,1,3,3,2,3,2,3,5,4,2
3483232737,5,5,4,5,3,4,2,5,5,4,2,4,5,4,2,4,2,4,4,4,3,2,4,4,2,4,2,2,4,2,4,2,4,4,2
3772765464,3,5,2,3,1,3,5,5,3,3,2,4,2,3,3,4,3,2,4,4,3,3,3,4,2,2,5,3,5,4,5,4,4,3,2
3456115892,3,5,3,4,3,4,5,4,5,4,3,2,1,4,1,4,4,4,4,1,4,3,3,5,1,3,4,4,4,2,5,2,3,4,1
3428976733,4,4,3,2,3,3,2,4,4,4,2,3,4,4,2,4,4,4,2,2,4,4,4,4,3,3,4,4,3,3,2,4,4,4,4
3394466675,4,2,2,4,3,4,2,4,3,4,2,3,3,4,2,2,2,4,3,2,4,3,4,3,3,2,4,4,2,3,2,4,4,4,2
3311032316,3,2,2,3,4,4,2,2,4,4,3,2,3,4,2,2,4,4,2,3,4,3,4,2,3,3,2,4,3,2,2,2,4,4,3
3478294460,4,4,4,4,3,4,3,4,4,4,4,5,3,2,4,4,2,4,4,4,5,2,4,4,4,5,3,3,4,5,4,3,2,4,2
3395963552,5,4,5,5,4,4,4,4,5,4,3,4,2,4,3,3,5,5,4,4,3,4,4,4,3,4,4,2,4,3,4,4,5,5,4
3333672280,2,4,4,5,4,5,1,4,5,5,1,3,3,5,4,1,4,5,3,4,5,4,5,4,4,2,2,4,4,3,1,4,4,4,4
3664548042,2,5,3,4,3,4,4,5,3,4,2,3,3,2,1,4,4,4,3,2,3,2,2,4,2,1,5,3,4,3,5,2,4,3,1
3282753348,3,5,2,3,2,3,2,4,1,3,1,1,3,3,1,3,3,4,3,2,1,3,3,1,1,1,4,1,2,3,3,3,4,3,3
3420200692,5,3,5,2,5,4,2,4,2,5,3,3,2,4,3,4,5,5,3,3,5,5,3,4,4,4,4,5,3,3,2,5,4,4,3
3397350077,1,3,1,1,2,2,2,4,2,2,1,2,3,1,1,4,2,3,3,1,1,1,1,4,1,1,2,2,4,3,3,2,3,1,1
3483195353,4,4,4,4,3,5,4,5,5,5,3,4,5,5,4,3,5,5,4,4,4,4,4,5,3,3,5,4,4,4,4,4,4,4,4
3336930797,2,5,2,4,1,5,4,5,5,5,2,3,4,4,1,4,5,5,3,2,4,2,4,4,4,1,4,4,4,4,5,2,3,4,2
3317545421,4,3,3,2,1,4,3,4,1,3,3,4,1,1,2,4,2,3,3,4,3,1,1,4,1,3,3,1,2,2,3,1,1,2,2
3467559184,4,3,4,4,3,3,2,4,3,4,3,5,2,3,2,3,4,4,5,3,3,2,4,4,2,2,2,4,3,4,2,3,4,3,2
3342177251,5,5,4,3,2,4,2,5,3,4,4,2,3,4,2,4,4,4,3,4,4,4,4,5,3,3,5,4,5,4,4,2,3,4,4
3334971564,2,4,3,2,1,3,4,4,2,4,1,2,4,3,1,3,4,3,2,1,3,2,3,3,2,2,4,4,3,3,4,3,4,4,3
3311919255,3,4,4,3,2,4,5,5,4,4,2,3,2,3,2,4,3,4,3,3,2,2,2,4,2,2,5,2,5,3,5,2,4,3,2
3489927284,4,4,2,4,2,5,4,4,4,4,3,5,3,4,2,5,2,4,5,4,4,2,4,4,4,4,4,3,5,5,4,3,4,4,2
3458983574,3,5,2,3,3,3,4,5,2,2,3,4,1,1,3,4,4,2,3,3,2,1,2,5,2,3,5,2,3,4,4,2,4,2,2
3337487200,1,5,1,1,1,4,4,5,3,3,1,3,1,1,1,5,4,1,1,1,1,1,1,4,1,1,5,1,5,5,5,1,1,1,1
3892305104,4,4,4,2,4,4,5,5,2,5,3,4,4,4,2,3,4,4,3,2,4,3,4,5,3,2,5,4,4,4,4,4,4,4,3
3341420106,3,4,3,2,3,3,4,5,4,3,2,4,4,3,2,3,4,4,4,2,4,4,4,4,3,3,4,3,4,4,4,4,4,4,3
3497763400,2,4,1,2,3,3,2,2,2,4,1,2,2,2,1,2,4,4,1,1,1,1,1,2,1,1,4,2,3,2,2,4,4,2,1
33783670400,2,3,2,2,2,3,4,4,2,4,1,1,2,3,1,3,4,3,1,1,3,4,3,3,2,2,4,2,3,1,4,2,4,2,3
3925461159,5,5,5,5,4,5,4,5,5,5,4,4,5,5,5,3,5,5,5,4,5,5,5,4,4,3,5,5,5,5,5,4,5,5,5
3401662999,1,4,2,3,1,3,4,5,4,4,1,3,4,4,2,4,4,4,3,1,4,3,4,4,2,1,4,3,4,3,4,4,5,3,1
3403943604,4,5,2,2,1,5,5,5,2,4,1,4,2,2,5,5,4,3,4,2,3,2,4,4,2,2,5,2,5,3,5,1,3,3,2
3806950650,2,3,2,2,2,3,4,4,2,3,2,3,3,3,2,4,3,4,3,1,2,2,2,4,2,2,3,2,3,3,4,2,3,3,2
3883746006,5,5,5,4,5,5,5,5,3,4,5,3,1,4,4,4,5,5,4,4,3,5,4,4,4,4,5,5,5,3,5,2,5,3,5
3473918493,3,4,3,2,2,4,3,4,4,4,3,5,3,4,2,5,2,4,4,2,3,2,3,5,2,2,4,3,4,5,4,2,5,3,2
3485956383,3,4,3,2,1,2,3,4,1,3,2,2,2,2,1,3,4,4,2,2,2,2,2,4,2,2,4,2,4,2,3,2,4,2,2
3401270582,3,4,3,2,2,3,4,4,3,2,1,3,1,1,2,3,2,4,3,2,2,1,1,3,2,2,4,2,3,3,4,2,2,3,2
3478840406,4,4,4,4,3,4,3,4,4,5,4,3,3,3,3,3,2,4,3,4,3,2,4,3,3,3,4,3,4,4,3,2,3,4,3
3920224683,2,4,2,4,1,4,2,4,4,5,1,3,4,4,1,4,3,4,3,1,4,2,4,4,4,1,2,2,4,4,4,3,2,4,3
3318067046,1,4,1,1,3,1,3,4,3,3,1,1,2,2,1,4,2,3,1,1,3,1,2,4,2,2,4,2,3,2,4,2,3,3,1
3387517461,2,5,2,3,1,5,3,5,2,3,1,5,3,3,1,5,1,5,5,5,2,1,2,5,3,1,4,2,5,5,5,1,3,1,1
3667272818,1,3,1,2,3,2,4,4,5,4,1,4,1,3,1,4,4,3,4,1,3,2,3,4,1,2,4,3,3,4,4,2,5,1,1
3339796982,2,5,4,1,4,5,2,5,3,5,2,1,2,4,3,4,4,5,3,2,2,4,5,3,2,5,2,4,2,3,5,3,4,2,3
3774219750,4,5,3,3,1,3,5,4,3,4,3,3,3,3,2,4,2,4,3,2,3,2,3,4,3,2,5,2,5,4,5,2,2,4,2
3402664341,2,5,4,2,1,4,4,5,4,5,1,2,3,4,1,5,5,4,3,1,4,2,4,5,2,1,5,4,4,4,4,4,5,4,1
3343693017,4,5,3,2,1,5,5,5,4,5,2,2,2,3,1,4,4,5,3,1,2,2,3,5,2,1,5,3,5,3,5,3,4,3,2
3427812776,5,5,5,2,2,4,4,4,3,4,2,2,3,4,2,5,4,4,3,2,2,2,2,4,2,2,4,4,4,3,4,2,4,2,5
3311514507,4,4,4,2,4,2,1,4,2,5,3,2,4,4,4,2,5,4,3,2,4,5,4,4,2,2,2,5,4,4,4,2,4,4,4
3663707404,3,4,2,4,2,3,4,4,3,4,2,3,3,3,2,4,4,2,2,1,3,2,3,3,2,2,4,4,3,2,3,2,4,2,2
3347117521,4,4,4,3,2,4,4,4,3,4,2,3,2,2,2,4,4,4,4,4,2,2,4,4,2,2,4,4,4,4,4,2,2,2,2
3314994466,4,4,3,4,4,4,2,5,4,4,3,4,2,2,2,3,2,4,4,3,3,2,4,4,4,1,2,2,3,3,4,4,3,3,2
3334542104,3,4,1,2,2,2,4,3,3,4,1,2,4,4,1,3,4,4,2,1,2,1,4,4,2,1,3,4,4,2,3,4,2,3,1
3452198846,3,4,2,2,2,3,3,4,3,3,2,2,1,2,1,4,4,3,2,2,2,2,2,2,2,2,4,1,3,2,3,2,3,2,2
3384230549,3,4,2,2,2,3,2,4,2,4,2,2,1,2,2,3,4,2,2,2,3,3,2,4,2,1,3,3,3,2,3,3,4,3,3
3935500366,4,4,2,3,2,4,3,4,2,3,2,3,3,2,3,4,2,4,3,2,2,1,3,4,1,2,4,2,3,4,4,2,3,1,1
3664904129,5,5,4,4,2,4,3,5,4,4,4,4,4,3,2,5,4,3,4,4,4,2,5,5,4,5,4,5,4,5,4,3,3,4,3
3333087407,3,4,3,2,3,3,3,4,4,4,2,1,1,1,1,4,2,2,3,2,2,2,2,3,2,2,4,2,4,3,4,2,3,2,2
3388833022,3,3,4,3,4,4,4,4,4,4,2,2,4,4,2,4,3,3,3,3,3,3,3,4,2,3,3,3,3,3,4,4,3,3,4
3486981778,2,4,4,3,3,3,5,5,3,4,3,2,3,3,2,4,4,4,3,3,2,2,2,4,1,2,5,4,4,4,4,3,4,2,2
3313224759,4,3,2,4,4,4,1,2,4,5,2,2,4,4,4,4,5,5,2,4,5,4,5,2,4,4,1,4,1,5,1,2,5,4,4
