user_id,tripm_1,tripm_2,tripm_3,tripm_4,tripm_5,tripm_6,tripm_7,tripm_8,tripm_9,tripm_10,tripm_11,tripm_12,tripm_13,tripm_14,tripm_15,tripm_16,tripm_17,tripm_18,tripm_19,tripm_20,tripm_21,tripm_22,tripm_23,tripm_24,tripm_25,tripm_26,tripm_27,tripm_28,tripm_29,tripm_30,tripm_31,tripm_32,tripm_33,tripm_34,tripm_35,tripm_36,tripm_37,tripm_38,tripm_39,tripm_40,tripm_41,tripm_42,tripm_43,tripm_44,tripm_45,tripm_46,tripm_47,tripm_48,tripm_49,tripm_50,tripm_51,tripm_52,tripm_53,tripm_54,tripm_55,tripm_56,tripm_57,tripm_58
3334247770,3,3,1,3,0,0,2,0,0,3,3,0,1,0,0,0,0,0,0,0,2,2,0,0,1,0,1,0,0,3,2,1,3,0,1,0,0,1,3,0,2,0,0,2,1,2,3,0,0,1,0,3,0,2,0,0,2,0
3294886377,2,3,3,3,3,2,1,1,0,1,3,0,3,2,2,1,2,0,3,0,2,2,0,0,1,0,3,1,0,2,2,2,3,0,3,0,1,3,3,0,0,0,0,2,2,3,3,0,0,0,1,3,0,2,0,0,0,0
3487119790,1,2,1,3,1,0,2,1,0,3,2,0,0,0,0,2,1,0,0,1,2,2,1,1,2,0,2,0,0,3,1,2,2,0,3,1,0,1,2,0,2,0,0,3,1,1,2,0,0,2,0,2,0,0,0,0,1,0
3346121179,0,1,2,3,1,2,1,2,3,0,1,0,2,3,2,1,2,1,2,1,2,2,3,0,1,1,2,2,2,2,2,2,1,1,2,2,3,2,1,1,1,1,0,1,3,2,1,2,2,2,3,1,0,1,1,0,0,0
3703107268,2,2,1,3,3,0,1,0,0,2,2,0,0,0,0,2,2,0,0,0,2,1,0,0,2,0,1,0,0,3,1,0,3,0,2,0,1,0,2,0,2,0,0,3,0,1,3,0,0,2,0,2,0,0,0,0,3,0
3208909600,1,3,2,3,1,0,1,1,1,2,2,0,0,0,0,2,0,0,0,1,2,1,0,1,3,0,1,0,0,3,1,1,2,0,2,1,0,0,2,0,3,0,0,2,0,2,3,0,0,2,0,2,0,0,0,0,2,0
3317719173,2,2,2,2,2,0,1,2,0,2,2,1,1,0,2,2,1,0,2,0,1,0,0,0,3,0,2,0,0,2,3,1,2,0,1,0,0,2,2,0,0,0,2,2,0,2,2,0,0,3,0,2,2,0,0,0,0,0
3920062595,2,2,1,3,1,0,2,1,0,2,2,0,1,0,0,1,1,0,0,0,2,2,1,2,2,0,1,0,0,3,1,2,2,0,2,0,0,2,2,0,1,0,0,1,0,2,3,0,0,0,0,2,0,1,0,0,1,0
3337769377,2,3,3,3,1,0,2,1,0,3,3,0,2,1,1,1,0,0,1,0,3,1,0,0,1,0,2,1,0,3,2,2,3,0,2,0,1,2,2,0,2,0,0,3,2,1,2,0,0,2,0,3,0,0,0,0,1,0
3278582193,2,2,2,0,2,0,1,1,2,1,2,2,0,0,2,2,1,1,1,0,1,1,1,1,2,1,2,1,0,2,2,1,2,0,2,0,2,1,2,0,3,1,0,3,1,2,2,0,0,1,0,2,0,0,0,1,2,0
3703293103,1,0,1,3,3,0,1,0,0,2,3,0,0,0,1,0,1,0,0,0,2,2,0,0,2,0,3,1,0,3,1,3,3,0,1,0,0,0,3,0,2,0,0,3,1,1,3,0,0,1,0,3,0,2,0,0,0,0
3331208683,3,2,2,2,1,0,2,1,2,1,2,1,1,0,2,0,2,2,3,0,2,2,1,0,2,0,1,1,0,2,0,1,2,0,2,0,1,2,1,0,1,0,1,1,0,2,3,0,0,0,0,2,0,1,0,0,0,0
3444258212,3,3,3,2,2,3,2,1,0,1,3,0,2,0,1,2,0,0,2,0,3,3,0,2,0,0,2,0,0,2,1,2,3,0,1,0,0,1,2,0,1,0,0,0,1,1,0,0,0,0,0,3,0,2,0,0,1,0
3890065938,0,3,3,2,1,2,0,0,2,2,2,0,0,0,1,2,1,0,0,0,0,0,0,0,3,0,2,0,0,3,2,0,3,0,3,0,1,0,2,0,2,0,0,3,0,3,2,0,0,3,0,2,0,0,0,0,2,0
3469730627,2,3,2,1,1,3,2,0,1,1,3,0,1,1,1,1,1,0,1,0,3,2,0,1,1,0,2,3,0,3,1,2,3,0,1,0,0,1,2,0,2,0,1,2,1,2,3,0,0,1,0,3,0,0,0,0,2,0
3311128391,3,2,2,3,1,1,2,1,2,2,2,0,1,0,1,1,1,0,1,0,2,2,0,0,1,0,2,1,1,2,1,2,2,0,2,0,0,0,3,0,2,0,0,2,1,1,2,0,0,1,0,2,0,1,1,0,2,0
3270624644,3,3,2,3,2,3,2,0,1,2,3,0,2,2,1,2,1,0,2,0,2,2,1,0,3,0,2,1,0,3,2,2,3,0,1,0,0,1,3,0,2,0,0,2,2,1,2,0,0,2,0,3,0,0,0,0,2,0
3280632529,1,2,0,3,2,0,1,2,2,1,1,1,1,0,0,2,3,0,2,2,2,1,2,2,1,3,0,2,1,2,1,1,2,0,3,2,0,2,0,0,1,3,3,1,0,1,2,1,1,2,1,1,2,0,1,0,1,1
3313382094,2,3,1,3,2,0,1,1,0,2,2,0,2,0,0,1,2,1,2,0,2,1,0,0,1,0,2,1,0,3,1,1,3,1,2,1,0,2,2,2,2,0,0,2,0,0,3,0,0,1,0,2,0,0,0,0,1,0
3460591283,0,2,2,3,2,1,0,0,2,1,3,0,1,1,2,3,3,0,2,0,2,2,0,0,3,0,3,3,0,3,3,3,3,0,1,1,1,2,3,0,2,0,0,0,2,2,1,0,0,2,2,3,0,0,0,0,3,0
3809075395,2,3,2,2,2,3,1,1,0,2,3,0,0,1,1,2,1,0,0,0,2,2,2,0,2,2,3,2,0,3,2,2,3,0,2,0,2,0,2,0,3,0,0,3,1,1,3,0,0,0,0,3,0,0,0,0,3,0
3332440775,0,2,2,1,2,3,3,3,1,0,2,0,1,3,2,2,2,1,2,1,3,2,1,2,1,0,2,3,1,3,1,3,3,1,1,1,1,2,3,2,1,1,3,2,3,2,0,0,0,1,2,3,3,2,1,1,1,0
3398964382,3,3,2,3,0,0,2,2,0,1,3,0,0,0,1,1,1,0,1,1,3,2,0,2,0,0,1,0,0,3,1,2,3,0,1,1,1,1,3,0,3,0,0,1,0,1,3,0,0,0,0,3,0,2,0,0,3,0
3348106800,2,3,3,3,3,0,1,0,0,3,3,0,1,0,1,1,1,0,0,0,2,2,0,0,0,0,1,0,0,3,0,0,3,0,2,0,0,0,3,0,2,0,0,3,1,0,3,0,0,1,0,3,0,0,0,0,2,0
3469464166,1,3,2,2,2,3,2,0,2,1,3,0,2,0,2,1,2,0,2,0,1,1,1,0,1,0,2,1,0,2,2,2,3,0,2,0,2,2,2,0,1,1,0,1,2,2,2,1,2,2,2,3,0,1,0,1,1,0
3392465292,3,3,3,3,2,0,1,1,0,1,3,0,1,0,1,2,2,0,1,0,2,2,0,0,2,0,3,1,0,3,1,1,3,0,2,0,1,1,3,0,2,0,1,3,1,3,3,0,0,2,0,3,0,1,0,0,2,0
3335607912,1,3,2,1,1,1,0,2,1,1,2,0,1,0,1,2,2,0,1,1,1,2,1,2,2,0,1,1,0,2,2,1,2,1,2,0,0,1,2,2,2,0,2,2,2,2,2,0,0,1,0,3,1,0,0,0,2,0
3669301160,2,2,2,2,1,0,2,3,0,0,1,0,1,0,0,0,2,0,1,1,2,2,1,1,3,1,1,2,1,3,1,2,2,0,2,1,0,1,2,1,0,1,1,1,1,1,3,1,0,1,0,2,0,0,0,0,2,0
3314455802,1,2,0,2,1,0,1,1,1,0,2,0,1,0,0,0,2,0,1,1,2,2,0,0,3,0,3,1,0,3,2,1,2,0,2,0,0,0,2,0,2,0,0,2,2,2,2,0,0,2,0,2,0,0,0,0,2,0
3336846971,1,0,1,2,1,0,2,2,1,1,2,1,2,0,0,1,2,0,2,0,2,1,1,0,1,1,1,2,0,3,1,2,3,1,2,0,1,2,1,0,0,1,0,1,0,1,2,1,0,1,0,3,0,0,0,1,1,0
3296113480,3,3,2,3,2,0,2,0,0,2,2,0,1,0,1,1,0,0,2,0,2,2,1,0,2,0,1,2,0,2,2,2,3,0,2,0,1,2,2,0,2,0,0,2,0,1,3,0,0,3,0,3,0,0,0,0,1,0
3921981520,2,3,3,3,3,0,1,1,3,2,3,0,2,0,3,3,0,0,0,0,1,2,1,2,2,0,2,1,0,3,2,3,3,0,3,0,0,0,3,0,0,0,0,2,0,3,1,0,0,3,3,3,0,0,0,0,3,0
3334741408,2,2,2,3,2,1,2,3,1,2,2,1,1,0,2,2,1,1,1,1,2,3,1,0,1,0,3,2,1,2,2,2,2,0,1,1,2,2,2,1,1,0,0,1,1,2,2,1,0,1,1,2,0,2,1,1,1,0
3665355105,2,2,2,3,1,0,1,2,0,1,2,0,0,0,0,0,0,0,0,0,2,1,0,0,1,0,1,0,0,3,0,0,3,0,2,0,0,0,2,0,2,0,0,1,0,0,3,0,0,0,0,2,0,0,0,0,3,0
3420798804,0,3,1,2,0,2,0,1,0,1,3,0,0,0,1,2,2,0,2,1,2,1,0,1,1,0,2,1,0,3,2,2,3,0,2,1,1,2,2,0,2,0,0,2,1,1,1,0,0,2,0,3,0,1,0,0,1,0
3383061603,3,3,2,0,0,0,2,0,0,0,3,0,2,0,1,0,1,0,2,0,2,2,0,0,0,0,0,2,0,3,0,2,3,0,2,0,0,0,3,0,2,0,0,2,0,0,0,0,0,0,0,3,0,1,0,0,1,0
3662125608,1,3,1,3,0,0,2,0,0,2,3,0,2,0,0,0,1,0,2,0,2,2,0,0,2,0,0,0,0,3,0,1,3,0,2,0,0,1,2,0,1,0,0,2,0,2,3,0,0,1,0,3,0,0,0,0,1,0
3392736399,3,3,3,3,1,0,2,0,0,2,3,0,1,1,2,3,0,0,1,0,2,2,2,0,2,0,2,2,0,3,3,1,3,0,2,1,1,2,3,0,1,1,1,2,2,2,2,0,0,1,2,1,0,2,0,0,1,1
3493224825,3,3,2,3,1,0,2,0,1,1,2,0,2,2,2,0,2,0,2,0,2,2,0,0,2,0,1,2,0,3,0,1,2,0,1,0,0,0,3,0,1,0,0,0,1,2,3,0,0,3,0,3,0,0,0,0,2,0
3246292649,2,3,2,3,2,2,1,3,1,3,2,0,0,0,0,3,3,0,0,0,1,2,1,3,1,0,2,2,0,3,1,1,2,0,2,1,1,0,2,0,3,0,0,2,0,1,3,0,1,2,0,2,0,0,0,0,3,0
3665244090,2,2,2,3,3,2,1,1,0,1,3,0,0,0,0,2,1,0,1,0,3,1,0,0,3,1,1,1,0,2,3,1,2,0,3,1,0,0,3,1,1,0,0,1,0,2,3,0,0,1,0,2,0,1,0,0,2,0
3389126365,1,3,3,1,3,0,0,2,1,3,3,0,2,0,2,3,3,0,2,0,0,1,2,3,0,0,3,0,0,3,3,1,3,0,3,0,1,2,2,0,1,2,0,3,0,3,3,1,0,1,0,2,0,0,0,2,0,0
3938867612,3,0,2,3,2,0,1,2,0,1,0,2,0,0,0,2,3,0,0,1,2,0,3,3,3,3,0,1,3,3,3,2,0,0,3,3,1,0,2,0,3,3,3,3,0,3,3,3,0,2,0,0,2,1,1,3,0,0
3407230127,3,3,3,3,0,0,3,0,0,3,3,0,2,0,0,0,0,0,3,0,3,3,0,0,1,0,3,0,0,3,2,0,3,0,3,0,0,2,3,0,2,0,0,3,0,0,3,0,0,3,0,3,0,0,0,0,0,0
3895730674,1,2,2,3,2,1,1,1,2,3,3,3,1,2,3,3,3,2,2,0,1,1,2,3,2,0,3,1,1,3,2,0,3,0,1,0,0,2,3,0,2,0,2,1,1,2,2,0,1,2,2,2,0,0,0,2,2,0
3663738920,0,3,2,3,3,0,0,1,2,3,3,0,0,0,1,3,3,0,0,0,2,0,0,0,3,0,3,0,0,3,2,2,3,0,3,0,1,0,3,0,3,0,0,3,2,2,3,0,0,3,0,3,0,0,0,0,3,0
3888185906,2,3,1,3,3,0,2,0,0,2,3,0,2,0,1,1,2,0,2,0,3,3,0,0,1,0,3,1,0,3,0,0,3,0,1,0,0,1,3,0,1,0,0,1,0,1,3,0,0,0,0,3,0,1,0,0,1,0
3395927320,2,3,3,3,3,2,2,2,0,1,3,0,0,1,2,2,2,0,1,1,2,2,1,1,2,0,1,1,0,2,1,2,3,0,2,0,2,1,2,0,2,2,0,3,2,2,3,0,0,1,1,3,0,1,0,0,2,0
3491070201,3,3,2,3,1,0,2,1,0,2,3,0,1,0,0,1,1,0,2,0,2,2,1,0,2,0,1,0,0,3,1,0,3,0,1,0,0,2,3,0,1,0,0,2,0,2,3,0,0,0,0,2,0,0,0,0,0,0
3334297641,2,3,1,3,0,0,2,1,0,2,3,0,1,0,0,1,1,0,1,0,3,2,1,0,1,0,3,1,0,3,1,1,3,0,3,0,0,1,2,0,3,0,0,2,1,1,2,0,0,0,0,3,0,0,0,0,2,0
3925598264,0,3,1,2,1,3,1,0,0,1,3,0,0,2,0,1,2,0,0,0,2,2,0,0,3,0,1,0,0,3,2,1,3,0,3,0,0,0,2,0,2,0,0,3,1,2,2,0,0,3,0,3,0,0,0,0,3,0
3331478533,1,2,2,3,1,0,1,0,1,3,2,0,0,0,1,2,1,1,2,0,2,1,1,0,2,0,2,0,1,2,2,1,2,0,2,1,0,1,2,0,1,1,0,3,2,2,3,0,1,2,1,2,0,0,0,0,2,0
3888281971,2,3,2,3,1,0,2,1,0,3,3,0,1,0,0,2,1,0,1,0,2,1,1,0,2,1,3,0,0,2,1,2,3,0,2,0,0,2,3,0,2,1,0,3,0,1,3,0,0,2,0,3,0,0,0,0,2,0
3421895411,3,3,2,3,2,0,0,2,0,3,3,0,3,0,1,2,1,0,3,1,2,3,2,0,0,0,3,2,0,3,0,3,3,0,1,1,1,2,3,1,0,0,0,0,0,2,2,1,1,0,0,3,0,1,1,0,1,0
3467014707,1,2,2,3,2,0,1,1,1,1,2,0,0,1,0,2,2,2,0,1,1,0,0,1,1,0,2,2,1,2,1,2,2,0,3,1,1,0,1,0,2,0,0,0,1,3,1,0,0,1,0,2,0,1,0,0,2,1
3277379787,2,2,1,3,1,0,2,3,1,0,2,0,1,0,0,1,2,1,1,0,2,2,1,0,1,0,0,2,0,2,1,2,2,0,1,1,1,0,2,0,1,0,0,1,1,1,2,0,0,0,1,2,0,0,0,0,2,0
3920884364,2,2,1,3,1,0,1,1,0,1,2,0,1,0,1,2,3,0,1,1,2,1,1,0,2,0,2,2,1,3,1,2,2,0,2,1,0,1,3,0,2,0,1,1,1,2,2,1,0,1,0,2,0,1,1,0,2,0
3662258943,2,3,1,2,0,2,2,1,1,3,2,0,1,0,1,1,0,0,1,0,2,3,0,0,2,0,1,1,0,3,2,3,3,0,2,1,0,1,3,0,0,0,0,2,2,1,2,0,0,2,0,3,0,0,0,0,1,0
3311506647,1,2,1,1,1,0,2,1,0,2,2,0,0,0,1,2,2,0,2,0,2,2,1,0,2,0,2,1,1,2,2,2,2,0,2,2,1,2,1,1,1,0,0,2,1,1,2,1,1,3,0,2,0,0,0,0,1,0
3928102467,2,3,3,3,1,0,2,1,1,2,3,0,2,0,0,2,0,0,1,0,3,2,0,0,1,0,3,2,0,3,1,2,0,0,3,0,0,0,3,0,2,0,0,2,0,0,3,0,0,1,0,0,0,0,0,0,2,0
3348921243,3,3,2,3,3,0,3,1,3,1,3,0,2,2,0,0,0,0,1,3,3,3,0,0,1,1,2,0,2,2,3,3,3,0,3,2,3,2,3,1,3,0,0,0,0,3,1,0,3,0,0,1,0,0,0,0,0,0
3423315515,2,3,1,3,3,0,1,1,0,1,2,0,1,2,0,1,1,0,1,0,3,2,1,1,1,0,0,0,0,2,0,1,3,0,2,0,1,0,2,0,2,1,0,2,0,2,2,0,0,1,0,3,0,3,0,1,1,0
3475648095,1,2,2,3,2,3,1,1,1,2,2,0,0,0,1,2,2,0,0,0,1,1,0,0,2,0,1,2,0,2,1,1,2,0,2,0,0,0,2,0,2,0,0,1,1,2,1,0,0,2,0,2,0,1,0,0,3,0
3318207859,2,2,1,3,1,0,1,1,1,2,1,1,0,0,1,1,2,0,1,1,2,2,1,0,3,1,1,0,0,2,2,1,2,1,3,1,1,1,2,0,3,0,0,1,1,1,2,1,0,1,0,1,0,0,0,1,2,0
3394341908,2,2,2,3,2,0,2,2,1,1,3,0,2,0,0,1,2,0,1,1,2,2,0,0,2,0,1,1,0,2,2,2,3,1,1,1,0,0,2,0,0,0,1,0,0,2,3,0,0,1,0,2,1,1,0,0,2,0
3490815665,3,3,2,2,1,1,1,1,0,1,2,0,0,0,1,1,0,0,1,0,3,2,0,0,2,0,1,1,0,3,0,1,3,0,1,0,0,1,3,0,1,0,0,2,1,1,1,0,0,0,0,3,0,2,0,0,2,0
3271273161,3,3,2,1,1,2,2,2,1,1,2,0,1,2,1,1,2,1,2,1,2,2,2,2,1,1,1,1,1,3,2,2,2,1,2,2,1,2,2,1,2,0,3,2,2,2,2,1,0,1,0,3,0,0,0,0,1,0
3493727344,3,2,3,3,2,2,2,2,2,0,2,0,2,0,2,0,1,0,2,1,2,2,2,0,0,0,1,2,1,3,3,3,2,0,1,1,2,1,2,0,0,0,1,0,1,3,3,1,0,0,0,2,0,1,1,1,1,0
3492432569,1,2,1,2,2,0,0,1,2,2,3,0,2,0,1,2,2,0,1,0,1,1,2,0,2,2,2,2,0,3,2,1,3,0,0,0,1,0,2,1,2,1,0,3,1,2,2,0,0,2,1,2,0,0,0,0,2,0
3311815277,0,3,1,3,2,0,0,0,0,3,3,0,0,0,0,1,0,0,0,0,2,1,0,0,1,0,3,0,0,2,0,0,3,0,3,0,0,0,3,0,1,0,0,3,0,0,3,0,0,3,0,3,0,0,0,0,3,0
3662895706,1,3,1,3,3,0,0,0,0,3,2,0,0,0,0,2,0,0,0,0,2,2,0,2,3,0,2,0,0,2,2,0,3,0,3,0,0,0,1,0,3,0,0,3,1,0,3,0,0,1,0,3,0,0,0,0,3,0
3669722811,2,3,3,3,1,0,1,0,2,2,3,0,1,0,0,3,2,0,2,0,1,1,2,0,0,0,0,2,0,3,3,3,3,0,2,0,1,1,2,0,0,0,0,3,1,3,2,0,0,3,0,2,0,0,0,0,0,0
3806823362,2,3,2,3,1,0,2,0,0,1,3,0,1,0,1,1,0,0,1,0,2,2,0,0,1,0,2,1,0,3,1,0,3,0,1,0,0,0,3,0,2,0,0,2,0,1,3,0,0,1,0,3,0,1,0,0,2,0
3703258744,0,3,1,3,0,0,0,1,0,2,2,0,0,0,0,1,0,0,0,1,2,0,0,1,1,0,1,1,0,3,2,1,2,0,3,1,0,0,3,0,3,0,0,2,0,1,3,0,0,2,0,2,0,1,0,0,3,0
3385930632,1,3,2,3,2,0,1,2,0,2,3,0,0,2,1,2,2,1,0,0,1,1,0,0,2,0,2,1,0,2,1,1,2,0,2,0,1,0,3,0,3,1,0,2,1,1,2,0,0,2,0,2,0,1,0,1,2,0
3467474349,2,2,3,3,2,0,1,0,2,2,3,0,2,1,2,1,3,1,2,0,1,2,2,0,3,1,1,2,0,0,2,1,3,0,2,0,2,2,2,1,1,1,1,1,2,2,2,0,1,1,1,3,0,1,0,0,0,0
3668615349,2,3,0,0,0,3,2,2,2,0,3,0,1,0,0,0,0,0,1,1,2,2,0,0,1,0,0,1,0,3,2,2,3,0,0,0,0,1,2,0,1,0,0,0,3,1,2,0,0,0,1,3,0,1,0,0,1,0
3493200977,2,2,2,2,2,3,3,0,0,3,2,0,1,3,2,1,0,0,0,0,1,2,0,0,1,0,2,0,0,3,2,1,3,0,1,0,1,0,2,0,1,0,0,3,0,2,3,0,0,1,0,3,0,1,0,0,2,0
3779569933,3,3,2,3,2,0,2,2,1,1,2,0,0,0,0,1,0,0,1,1,2,2,2,0,2,0,0,0,0,3,1,1,3,0,2,0,1,2,2,0,1,0,0,2,0,2,2,0,0,2,0,2,0,2,0,0,2,0
3887744678,3,3,2,2,0,1,1,0,1,2,3,0,0,0,1,2,0,0,1,0,2,2,0,1,1,0,2,1,0,3,1,1,3,0,2,0,1,1,3,0,2,0,0,3,2,1,2,0,0,2,0,3,0,0,0,0,2,0
3383928947,2,3,2,3,1,0,2,1,0,1,3,0,2,1,0,1,1,0,2,0,3,3,0,0,0,0,3,1,0,3,0,2,3,0,2,0,0,1,3,1,2,0,0,1,0,0,0,0,0,0,0,3,0,0,0,0,0,0
3472369691,0,3,1,3,1,0,0,1,0,2,3,0,0,0,0,2,1,0,0,0,2,1,0,2,3,0,2,0,0,2,1,1,3,0,2,0,0,0,1,0,3,0,0,3,1,2,3,0,0,2,0,2,0,0,0,0,3,0
3663995281,2,3,1,2,2,0,2,0,2,2,3,0,1,0,1,1,1,0,1,0,2,2,1,1,1,0,2,1,0,3,1,1,3,0,1,0,1,1,3,0,2,0,0,3,1,1,2,0,0,2,0,3,0,0,0,0,2,0
3313450012,2,3,3,3,1,0,1,0,0,3,2,0,0,0,1,1,0,1,1,0,1,2,0,0,1,0,0,0,0,2,2,1,2,0,2,1,1,1,3,0,2,0,0,3,0,1,3,0,0,1,0,2,0,0,0,0,1,0
3349104292,2,3,1,3,1,0,2,0,0,0,2,0,2,0,1,1,1,0,1,0,2,2,0,0,1,0,1,1,0,3,1,2,3,0,1,0,0,0,3,0,2,0,0,2,0,0,3,0,0,0,0,2,0,1,0,0,2,0
3895555996,1,2,2,2,1,0,2,1,1,2,2,0,1,1,1,1,1,0,1,0,2,2,0,0,2,0,2,1,0,2,1,2,2,0,0,1,0,0,2,0,2,0,0,2,2,1,2,1,0,2,0,2,0,1,0,0,2,0
3883816051,2,2,3,3,2,1,1,0,1,2,2,0,0,0,2,2,2,0,1,0,2,2,2,2,1,0,1,0,0,3,1,1,3,0,3,0,0,1,2,0,2,2,0,3,3,3,1,0,0,0,0,3,0,0,0,0,1,0
3477588121,3,2,3,3,3,0,2,3,2,0,2,0,0,0,0,2,0,0,2,1,2,2,2,1,3,1,1,1,1,3,3,3,2,0,1,1,1,1,2,2,1,0,0,1,1,1,2,1,0,1,0,2,0,1,1,1,2,0
3421018235,3,2,1,3,1,0,3,1,3,2,3,0,0,1,0,0,1,0,1,0,3,2,0,0,0,0,2,2,0,3,1,1,3,0,2,0,0,0,2,0,1,1,0,3,0,2,3,0,0,2,0,3,0,0,0,0,2,0
3280004109,3,2,1,3,1,0,2,3,0,1,2,0,1,0,1,1,0,0,2,1,3,2,0,0,1,0,2,1,1,3,1,2,1,0,3,2,0,2,3,0,2,0,0,2,0,1,3,1,0,1,0,2,0,1,1,0,1,0
3289189898,0,2,2,3,2,0,1,2,2,2,2,0,2,1,1,2,3,0,2,0,2,2,0,0,2,0,3,1,0,3,2,1,3,0,3,0,1,1,2,0,3,1,0,1,2,3,2,0,0,1,1,1,0,1,0,0,1,0
3428948629,1,3,3,3,2,2,0,2,0,3,3,0,1,3,3,3,3,0,2,0,2,2,2,0,2,0,3,1,1,3,2,2,3,0,1,1,2,0,3,0,2,0,0,3,0,3,3,0,0,0,0,3,0,0,0,0,1,0
3458886355,2,3,2,3,1,0,1,1,1,1,2,0,1,0,0,1,1,0,2,0,3,1,0,0,2,0,2,1,0,3,2,1,3,0,2,3,0,1,2,0,2,0,0,3,1,2,3,0,0,1,0,3,0,0,0,0,1,0
3881466599,2,2,2,3,0,0,1,2,0,2,2,0,0,0,0,3,1,0,0,1,1,0,1,0,3,0,2,1,0,3,1,0,2,0,3,0,0,0,3,1,1,0,0,3,0,3,3,0,0,2,0,2,0,0,0,0,3,0
3463723465,1,3,1,3,2,0,0,0,2,2,2,1,1,0,1,1,1,0,1,0,0,0,1,0,2,0,2,1,0,2,1,0,3,1,3,0,2,2,3,0,1,1,1,1,1,3,3,0,0,1,1,3,0,1,0,2,1,0
3342410340,1,2,1,1,0,1,2,0,0,0,2,0,1,0,0,1,0,0,2,0,3,2,0,0,1,0,1,2,0,2,1,2,2,0,2,0,0,1,2,0,2,0,0,2,1,2,3,0,0,2,0,2,0,0,0,0,1,0
3808941373,3,3,1,3,2,0,2,1,0,3,3,0,1,0,1,2,0,0,1,1,2,2,0,0,2,0,2,0,0,3,1,1,3,0,1,1,1,0,2,0,2,0,0,3,1,1,3,0,0,1,0,2,0,1,1,0,2,0
3314389060,2,2,0,3,1,0,1,1,0,0,2,0,1,0,0,1,2,0,0,0,3,2,0,0,0,0,2,1,0,3,0,1,3,0,1,0,0,0,2,0,2,0,0,1,0,0,3,0,0,1,0,2,0,0,0,0,2,0
3494236417,2,2,2,3,2,3,3,1,1,1,2,0,1,1,1,1,1,0,1,1,2,2,0,0,1,0,1,2,1,2,1,2,3,0,2,0,1,1,2,0,1,0,0,1,2,2,3,0,0,2,1,2,0,0,0,0,2,0
3336861167,1,3,2,3,3,1,1,1,1,2,2,0,2,0,1,1,1,0,2,0,1,2,0,0,2,0,2,0,0,3,2,1,3,0,2,0,0,2,2,0,1,0,1,3,1,2,2,0,0,1,1,2,0,2,0,0,1,0
3339582765,1,1,2,3,2,2,1,2,0,0,1,0,2,0,1,2,1,0,2,1,2,2,1,0,2,2,0,2,2,3,2,2,1,0,2,2,2,2,3,0,2,1,1,2,0,2,2,2,0,2,0,2,0,0,1,0,1,0
3391467959,2,3,3,1,3,2,2,1,3,2,2,3,1,1,1,1,3,1,2,2,1,1,2,3,1,2,3,1,1,2,2,2,2,3,2,1,3,2,1,2,0,2,0,3,2,3,2,1,2,1,3,3,3,0,2,3,1,2
3891217212,1,2,1,1,2,2,2,2,1,1,1,0,0,2,1,2,1,0,0,1,2,2,1,0,2,0,2,2,1,3,2,2,1,0,2,2,0,0,2,0,3,0,0,2,2,1,1,1,0,3,0,1,0,1,1,0,3,0
3505065648,3,3,2,3,1,0,1,0,0,1,3,0,0,0,0,2,0,0,3,0,3,2,0,0,1,0,3,1,0,3,0,2,3,0,2,0,1,1,2,0,0,0,0,2,0,0,2,0,0,2,0,3,0,0,0,0,0,0
3921884140,2,2,1,3,1,0,2,1,1,0,2,0,1,0,0,1,2,0,2,1,2,2,0,0,1,1,2,2,0,3,0,2,2,0,1,1,0,1,2,0,1,1,0,1,1,0,2,0,0,0,0,2,0,1,1,0,1,0
3483400286,2,3,2,3,1,0,1,1,1,2,2,0,1,1,1,2,1,0,1,0,2,2,1,0,1,0,1,1,0,2,1,1,3,0,2,0,1,1,3,0,2,0,1,2,2,2,2,0,0,2,0,3,0,0,0,0,1,0
3313233935,2,3,1,3,0,0,2,1,0,1,3,0,1,0,0,1,2,0,1,0,2,2,0,0,2,0,2,2,0,3,2,1,3,0,2,0,0,1,3,0,3,0,0,2,0,1,1,0,0,1,0,3,0,1,0,0,3,0
3664300311,1,3,2,3,2,0,1,1,0,3,3,0,0,0,0,1,2,0,0,0,3,1,0,0,2,0,1,0,0,3,2,0,3,0,3,0,0,0,2,0,3,0,0,3,1,2,3,0,0,0,0,2,0,0,0,0,2,0
3347443867,0,3,2,3,2,0,0,0,0,2,2,0,0,0,0,0,0,0,0,0,2,1,0,0,2,0,1,1,0,3,2,0,3,0,0,0,0,0,3,0,3,0,0,2,0,1,3,0,0,0,0,3,0,1,0,0,3,0
3247822380,2,3,2,3,1,3,1,1,2,2,2,0,1,0,1,2,0,0,1,0,2,2,0,1,3,0,2,0,1,3,2,3,2,0,2,0,2,2,2,0,0,0,1,2,0,2,3,1,0,0,0,0,0,2,1,0,1,0
3319425650,1,3,1,3,1,0,0,0,0,3,3,0,0,0,0,3,0,0,0,0,2,2,0,0,3,0,2,1,0,2,3,1,3,0,3,0,0,0,2,0,3,0,0,2,0,3,3,0,0,3,0,3,0,0,0,0,2,0
3465959424,3,2,0,3,0,0,2,2,0,1,2,0,0,0,0,0,1,0,0,0,3,2,0,0,1,0,0,2,0,3,0,2,2,0,1,0,0,0,3,0,3,0,0,0,0,0,3,0,0,0,0,3,0,1,0,0,3,0
3459372766,1,2,2,3,1,1,1,1,2,2,2,0,2,1,1,1,3,0,1,1,2,1,1,0,0,0,2,1,1,3,0,2,2,0,2,1,0,1,3,0,0,0,0,1,0,2,0,1,0,0,0,2,0,0,0,0,1,0
3334364444,1,2,2,3,2,0,1,1,1,1,2,1,1,0,1,2,2,1,2,0,1,1,1,0,1,0,2,1,0,2,2,2,3,0,3,1,1,0,2,0,3,1,0,3,1,3,3,0,2,3,1,3,0,0,0,0,2,0
3423734900,1,3,2,1,3,0,1,1,1,2,3,0,1,0,1,1,0,0,1,0,1,2,0,0,1,0,2,1,0,2,1,1,3,0,2,0,2,1,3,0,2,0,0,2,1,2,3,0,0,1,0,3,0,1,0,1,3,0
3386008212,1,3,1,3,2,0,1,1,1,2,2,0,0,0,1,2,1,1,0,0,2,1,0,0,2,0,2,1,0,3,1,1,2,0,2,0,1,0,2,1,2,0,0,2,0,2,3,0,0,2,0,2,0,1,0,0,3,0
3487202110,1,3,2,0,2,3,1,0,3,0,3,0,1,2,1,2,1,0,2,0,2,2,0,3,3,0,2,3,0,3,2,2,3,0,1,0,0,1,3,0,2,0,0,0,2,2,2,0,0,2,2,3,0,2,0,0,1,0
3891205133,1,2,1,3,0,0,1,0,0,3,2,0,1,0,1,2,1,0,1,0,2,0,0,0,2,0,2,0,0,3,1,2,3,0,3,0,0,0,3,0,2,0,0,3,0,2,3,0,0,3,0,3,0,0,0,0,2,0
3921625402,0,2,2,3,3,0,0,1,2,2,2,0,2,0,2,2,3,3,1,0,2,2,2,3,1,0,2,1,0,2,2,2,2,0,2,0,2,1,2,2,1,0,1,2,3,3,3,1,0,0,0,3,1,0,0,0,2,0
3450660188,2,3,1,3,1,0,2,0,0,2,2,0,0,0,0,1,3,0,1,0,2,1,0,0,1,0,1,0,0,3,0,1,3,0,2,0,0,0,2,0,1,0,0,2,0,0,3,0,0,0,0,3,0,1,0,0,1,0
3405320767,2,3,1,3,1,0,2,1,1,2,3,0,0,0,1,2,0,0,0,0,1,1,0,0,1,0,2,1,0,3,1,2,3,0,2,0,1,0,3,0,2,0,0,3,0,2,3,0,1,1,0,3,0,0,0,0,2,0
34601046526,3,3,2,1,2,1,2,1,2,1,2,0,3,3,0,1,0,0,2,0,2,2,2,0,1,1,1,2,0,3,2,2,2,0,1,1,1,1,2,0,3,0,1,1,2,1,1,1,0,0,0,2,0,1,0,1,1,0
3285486203,2,0,1,0,1,2,2,0,1,1,3,0,1,0,1,1,0,0,2,2,2,2,0,0,1,0,0,2,0,3,1,1,3,0,2,0,0,1,3,0,2,0,1,0,2,2,2,0,0,1,0,3,0,1,0,0,1,0
3382353432,2,2,1,3,1,1,3,2,0,0,3,0,1,0,0,1,2,0,1,1,3,2,1,2,2,0,3,2,1,3,1,3,2,0,2,1,0,1,3,0,2,0,0,1,0,1,3,1,0,0,0,2,0,1,1,0,1,0
3398621330,2,2,3,1,1,0,2,0,2,2,2,0,2,0,2,1,2,0,2,0,1,2,2,0,1,0,0,0,0,3,2,1,3,0,2,0,0,1,2,0,0,0,0,1,2,3,2,0,0,0,0,2,0,1,0,1,1,0
3347076857,1,2,2,0,2,0,2,1,1,1,2,0,0,0,0,1,1,0,0,2,3,3,1,0,2,0,3,2,0,3,2,2,2,0,3,1,0,0,3,0,2,1,0,3,2,1,1,1,0,0,0,2,0,0,0,0,2,0
3493865607,2,2,1,1,2,1,2,1,0,0,2,0,1,0,2,1,2,0,1,0,2,3,0,0,0,1,0,3,0,2,2,2,3,0,0,0,0,1,1,0,1,0,0,0,2,3,1,0,0,1,0,3,0,0,0,0,1,0
3420547059,0,3,3,2,3,1,0,2,2,0,3,0,0,0,3,3,3,0,1,2,1,0,0,0,3,2,0,0,0,3,0,0,3,0,2,0,1,0,3,1,3,2,0,0,2,3,0,0,0,3,2,3,0,2,0,0,2,0
3339880271,3,3,3,3,0,1,1,1,0,0,3,0,0,0,2,0,2,0,2,0,2,2,0,0,2,0,1,1,0,3,0,1,3,0,2,0,1,0,2,0,2,0,0,2,2,1,3,0,0,0,0,3,0,0,0,0,1,0
3337222747,1,3,2,3,3,0,0,2,3,0,3,3,1,1,2,3,1,0,1,0,2,0,0,0,3,0,3,2,0,1,3,2,3,0,3,0,2,0,2,0,3,0,0,3,1,3,2,0,0,3,0,3,0,0,0,0,3,0
3896211241,3,1,1,3,2,1,2,2,0,1,2,0,1,1,0,0,1,0,2,1,2,1,1,0,2,0,2,1,1,3,0,1,2,0,2,2,0,2,2,0,1,0,0,3,2,2,3,0,0,0,0,3,0,0,0,0,0,0
3667000898,3,3,1,1,1,0,2,1,0,2,2,1,1,1,0,1,1,0,1,0,2,2,0,2,1,0,1,1,0,3,1,0,2,0,2,0,1,1,2,0,2,0,3,2,2,1,3,0,0,1,0,2,0,0,0,0,2,0
3391627654,0,3,2,3,1,0,0,1,1,2,3,0,0,0,0,2,1,0,0,1,2,1,0,0,3,0,3,1,0,3,1,0,3,0,2,0,1,0,3,0,2,0,1,2,0,1,3,0,0,3,0,2,0,1,0,0,3,0
3406882472,2,3,2,0,1,2,2,1,2,0,2,1,2,1,2,0,1,2,3,1,2,2,1,1,0,0,1,3,0,2,1,2,2,1,2,1,1,2,2,0,0,1,2,1,3,3,1,1,1,0,1,2,0,1,0,1,3,0
3338029881,1,2,2,3,0,1,1,2,0,2,2,0,0,0,2,2,3,0,2,0,2,2,2,0,1,2,0,2,0,3,3,3,3,0,1,0,2,2,3,0,1,2,0,2,2,2,2,0,0,0,0,2,0,0,3,0,1,0
3931636103,3,3,1,3,1,2,2,1,0,0,3,0,3,1,1,1,2,1,1,1,2,2,1,2,0,0,1,1,1,2,1,1,3,1,1,1,1,2,2,0,1,1,2,1,1,1,1,0,0,0,0,3,0,1,0,0,1,0
3426549445,2,2,2,1,1,1,2,1,2,0,1,2,2,1,1,2,2,2,2,1,2,1,1,1,1,0,3,1,1,2,2,2,1,0,2,1,1,1,1,0,1,1,2,2,2,2,2,1,1,2,2,2,0,1,1,1,1,0
3463775011,2,2,2,3,1,0,1,1,0,1,2,1,0,0,1,1,0,0,0,0,2,1,0,0,0,0,0,0,1,3,2,2,3,1,1,1,1,1,2,2,0,1,1,2,2,2,1,1,0,2,1,2,0,2,0,1,2,0
3807607123,1,2,2,3,3,0,1,1,2,1,2,2,1,0,1,1,2,1,2,1,2,2,2,3,2,2,2,2,2,3,1,2,3,0,1,0,2,2,2,0,1,0,0,3,1,3,3,1,0,1,1,2,0,0,0,0,0,0
3927302099,1,2,2,3,2,1,1,0,1,0,2,0,1,1,2,2,2,3,2,0,2,1,1,2,2,3,2,3,0,2,3,0,2,1,2,1,1,2,3,0,2,2,3,2,2,2,1,1,1,2,2,2,1,1,0,1,1,0
3771015565,1,3,2,3,0,0,1,1,0,1,2,0,2,0,0,1,2,0,2,0,2,2,1,0,1,0,2,1,0,3,1,1,2,0,2,1,0,1,2,0,1,0,0,2,0,2,3,0,0,1,0,3,0,0,0,0,2,0
3497824506,1,3,1,2,2,0,1,1,2,0,2,1,0,1,1,2,0,0,1,0,1,1,1,1,2,0,2,2,0,2,2,0,2,0,2,1,0,1,2,0,2,1,1,2,1,2,2,0,1,2,0,2,0,1,0,1,2,0
3279312977,2,3,2,3,1,1,2,1,1,2,2,0,2,0,1,1,1,0,2,0,2,2,1,0,1,1,1,1,1,3,1,1,2,0,2,1,0,2,2,0,1,0,0,2,2,2,2,0,0,1,1,2,0,1,0,0,1,0
3388996332,1,3,2,2,2,1,1,0,0,2,3,0,0,0,0,2,0,0,0,0,2,2,0,0,3,0,2,1,0,3,3,3,3,0,2,0,0,0,3,0,1,0,0,1,0,2,2,0,0,1,0,0,0,2,0,0,3,0
3272161067,0,2,2,3,2,1,1,0,0,2,2,0,1,0,1,2,1,0,1,1,1,1,0,0,3,0,2,0,1,3,2,0,2,0,2,0,1,0,2,0,3,0,0,2,1,2,2,1,0,1,0,2,0,0,0,0,2,0
3316198240,1,2,2,2,0,0,1,0,0,1,2,0,0,0,0,1,1,0,0,0,2,2,0,0,1,0,0,0,0,3,0,1,3,0,2,0,0,2,2,0,1,0,0,2,1,1,0,0,0,0,0,3,0,0,0,0,1,0
3358378894,1,2,1,2,2,0,2,2,1,1,2,0,0,1,1,3,2,0,1,1,2,1,1,1,2,1,2,2,1,1,1,1,2,0,1,1,1,1,2,0,2,1,1,2,2,1,1,1,1,2,1,2,0,1,1,1,2,0
3382881255,2,3,1,3,3,0,1,0,1,2,3,0,0,0,1,2,2,0,2,0,2,1,1,0,2,0,1,0,0,3,1,2,3,0,3,0,1,1,3,0,2,0,0,3,0,3,3,0,0,2,2,3,0,0,0,0,1,0
3453934331,0,2,2,0,3,2,2,0,2,1,3,0,0,1,1,2,3,1,2,0,3,1,3,3,3,0,3,3,0,3,2,3,3,0,2,0,1,1,0,0,3,0,1,3,2,3,2,0,0,2,0,3,0,0,0,0,1,0
3208693225,2,3,2,1,3,1,0,2,0,1,3,2,2,3,2,2,2,3,3,0,2,2,1,0,0,2,2,1,1,2,2,2,2,2,2,1,1,2,3,2,2,2,3,3,3,3,2,1,0,2,1,3,0,1,0,2,0,0
3703403724,2,2,2,3,1,2,1,2,0,1,2,0,1,0,1,1,2,0,1,0,3,1,0,0,1,0,3,1,1,3,1,2,3,0,2,0,0,1,2,0,3,0,1,1,2,0,2,0,0,3,0,3,0,2,1,0,3,0
3470115511,1,3,1,3,1,0,0,0,1,2,3,0,0,0,1,2,2,0,2,0,0,1,0,1,2,0,1,1,0,2,2,2,3,0,3,0,1,1,3,0,3,0,0,3,0,3,3,0,0,2,1,3,0,0,0,0,1,0
3401031360,0,2,2,3,1,1,2,1,0,2,3,0,1,0,2,2,2,0,1,1,2,1,0,0,1,0,3,1,1,2,1,1,2,0,2,0,1,1,3,1,2,0,0,2,2,2,2,1,0,1,0,3,0,0,0,0,2,0
3661166007,1,2,2,1,2,2,2,1,1,2,2,1,1,1,1,2,1,1,1,1,2,2,0,1,2,0,2,1,1,2,2,1,2,0,2,1,1,1,2,0,2,1,1,2,2,2,2,1,1,2,1,1,1,1,1,1,2,0
3920921922,2,3,2,2,2,0,1,1,0,3,3,0,1,0,1,2,3,2,2,0,2,2,0,0,3,0,0,0,0,2,2,0,3,0,1,0,0,1,2,0,1,0,0,2,0,3,3,0,0,0,0,3,0,0,0,0,1,0
3335443937,2,3,2,3,2,0,1,0,1,1,3,1,0,0,1,2,0,0,0,0,2,2,0,1,2,0,1,1,0,2,2,1,3,0,2,0,0,0,2,0,3,0,1,2,0,2,2,0,0,2,1,3,0,1,0,0,2,0
3312571418,0,3,0,3,0,0,0,0,3,0,3,0,0,0,2,0,0,0,0,0,3,1,0,0,3,0,3,3,0,3,1,3,3,0,3,0,2,0,3,0,3,0,0,3,0,3,3,0,0,2,0,3,0,0,0,0,2,0
4389943231,1,2,2,3,2,1,1,1,1,2,2,1,1,1,1,2,2,1,1,1,1,1,1,1,2,1,2,1,0,2,2,0,2,0,2,1,2,1,3,1,2,1,1,2,1,2,2,1,1,2,2,2,1,1,1,1,2,0
3492366988,0,3,2,3,2,0,1,1,2,1,3,2,1,0,1,3,1,0,1,0,3,2,1,0,3,0,2,1,0,1,3,1,3,0,1,0,1,1,2,0,2,0,0,2,2,3,3,0,1,3,0,3,0,0,0,0,2,0
3382161024,2,2,2,3,2,2,3,3,2,2,2,2,3,0,0,0,1,0,3,1,3,2,2,0,1,1,3,1,2,2,2,3,2,0,2,1,1,3,1,2,0,2,0,1,3,2,3,1,2,1,1,2,0,1,1,0,0,0
3347892623,2,3,2,2,2,0,2,0,1,2,3,0,2,0,1,2,2,0,1,0,2,2,0,0,0,0,1,1,0,2,1,2,3,0,2,1,0,0,3,0,1,0,0,1,1,2,2,1,0,0,0,3,0,1,0,0,2,0
3427335142,3,3,2,3,1,0,2,0,0,1,2,0,0,0,0,0,0,0,0,0,2,2,0,0,2,0,3,1,0,3,0,0,3,0,1,0,0,0,3,0,0,0,0,3,0,3,3,0,0,0,0,3,0,0,0,0,3,0
3421843835,3,2,2,2,0,0,3,1,1,1,2,0,1,0,1,1,2,0,1,0,2,1,0,0,1,0,2,2,0,3,1,2,3,0,2,0,0,1,2,0,1,0,0,1,2,1,0,0,0,1,0,3,0,2,0,0,2,0
3802426721,1,3,2,3,2,0,1,0,0,1,3,0,1,0,0,1,2,0,1,0,3,2,0,0,2,0,1,1,0,1,2,1,3,0,2,0,1,1,2,0,3,0,0,3,0,3,3,0,1,1,0,3,0,0,0,0,1,0
3451263546,1,2,1,1,3,0,1,0,0,1,2,0,0,0,0,1,0,0,0,0,2,2,0,0,0,0,0,1,0,3,0,1,3,0,1,0,0,0,3,0,2,0,0,2,0,2,2,0,0,0,0,3,0,0,0,0,1,0
3911072456,1,1,3,0,1,3,2,3,2,1,0,1,1,2,2,2,2,0,2,2,2,1,2,0,3,2,1,3,2,3,2,3,1,2,1,3,1,2,0,1,1,2,1,1,3,2,1,2,0,1,1,1,2,1,2,0,1,0
3274685227,3,3,1,1,2,0,2,0,2,1,3,0,1,0,0,1,0,0,1,0,3,3,0,0,3,0,2,1,0,3,2,1,3,0,2,0,0,1,2,0,1,0,1,2,2,0,1,0,0,0,0,3,0,1,0,0,2,0
3913468055,2,3,1,3,1,0,0,0,0,0,2,0,0,0,0,1,0,0,1,0,2,2,0,0,2,0,2,0,0,2,1,0,3,0,3,0,0,0,3,0,2,0,0,3,0,2,2,0,0,0,0,3,0,0,0,0,2,0
3426894007,3,2,3,2,3,1,1,1,2,2,2,2,3,3,3,3,2,2,2,2,2,3,3,3,1,0,2,1,1,2,3,2,2,2,1,1,1,2,2,2,1,1,1,2,2,2,1,1,3,3,2,2,2,1,1,2,2,2
3317606566,0,2,2,3,3,0,1,0,3,1,2,0,0,0,1,2,2,0,2,0,1,1,0,2,3,0,1,2,0,2,2,2,3,2,2,0,1,2,2,0,1,0,0,3,2,2,1,1,2,3,2,2,0,0,0,0,1,0
3459300091,2,2,3,3,1,0,2,1,0,1,3,0,0,0,0,1,2,1,1,0,2,2,0,0,1,0,2,1,0,3,1,1,3,0,3,0,0,0,3,0,3,0,0,3,0,2,3,0,0,2,0,3,0,0,0,0,3,0
3396144039,3,2,3,1,2,1,2,1,2,1,2,1,1,0,3,2,2,0,2,1,2,2,2,1,2,1,1,3,1,3,1,2,1,0,2,2,1,1,3,0,1,1,1,1,2,3,3,0,0,0,2,2,0,1,0,0,1,0
3662879175,3,2,1,2,0,1,2,0,0,1,2,0,1,0,0,1,1,0,1,0,3,2,0,0,1,0,1,1,0,3,1,1,3,0,1,0,0,1,3,0,2,0,0,2,1,1,2,0,0,0,0,3,0,0,0,0,2,0
3318419640,2,2,1,3,0,2,1,1,0,1,2,0,2,0,1,2,0,0,3,0,3,1,3,0,1,0,2,1,0,2,1,2,2,0,2,0,1,2,2,0,1,1,0,2,1,2,2,0,0,1,0,2,0,1,0,0,1,0
3387752052,2,2,1,3,1,0,2,0,3,1,3,0,1,0,0,2,1,0,2,0,2,2,0,0,1,0,2,2,0,3,0,2,3,0,2,0,0,1,3,0,2,0,1,2,1,1,1,0,0,1,0,3,0,0,0,0,1,0
3716383664,2,1,1,0,1,3,1,2,1,2,0,3,3,3,2,1,2,0,2,3,2,2,0,3,2,2,2,1,3,1,1,2,1,3,2,3,2,3,0,3,2,3,2,2,1,1,3,3,2,3,1,1,3,3,3,2,2,3
3396105812,2,3,1,3,2,0,1,1,1,1,3,0,1,1,2,2,0,0,1,0,2,2,0,0,2,0,3,1,0,3,2,2,3,0,1,0,2,0,3,0,1,0,0,1,2,2,3,0,0,2,0,0,0,1,0,0,1,0
3479146532,3,3,2,3,3,0,2,0,0,0,2,0,2,0,0,2,0,0,2,0,2,2,0,0,0,0,0,0,0,2,1,0,3,0,2,1,1,0,1,0,1,0,0,1,0,2,2,0,0,0,1,3,0,2,0,0,1,0
3703103013,0,2,2,3,2,0,1,2,1,1,2,0,0,0,1,3,1,0,0,0,1,0,1,0,3,0,1,1,0,2,2,0,2,0,3,0,1,0,2,0,2,1,0,3,0,2,3,0,0,3,0,1,0,1,0,0,3,0
3349010634,2,2,3,3,3,2,2,2,0,3,2,0,2,2,2,1,2,0,2,2,1,1,3,3,1,3,3,1,2,1,3,1,0,3,3,2,2,2,0,2,0,2,0,2,2,2,2,1,0,1,0,2,0,1,0,1,0,0
3661375646,3,3,3,3,1,2,3,1,2,1,2,1,3,2,1,1,2,2,2,0,2,2,3,3,2,1,1,2,1,2,1,3,3,2,3,1,2,2,2,1,0,1,2,1,2,1,1,0,0,1,0,2,1,1,0,0,0,0
3401961300,3,3,2,3,3,0,0,1,0,3,3,0,0,0,1,0,2,0,2,0,3,1,0,1,2,0,3,0,0,3,2,3,3,0,3,0,0,0,2,0,3,0,0,3,0,3,3,0,0,2,0,3,0,0,0,0,0,0
3283564346,1,2,2,3,3,0,1,2,2,2,2,3,0,0,1,2,2,0,2,1,1,1,2,0,2,0,2,0,0,2,3,1,3,0,2,0,1,1,2,3,2,0,3,2,1,2,3,1,0,3,1,2,0,0,1,1,1,0
3483232737,3,3,1,2,1,0,1,0,0,1,3,0,2,0,0,2,0,0,2,0,2,2,0,0,2,0,3,2,0,3,3,1,3,0,2,0,0,1,3,0,0,0,0,3,1,1,3,0,0,2,0,3,0,0,0,0,1,0
3772765464,2,2,3,3,1,2,1,2,2,1,1,3,3,3,3,3,2,1,1,2,2,2,3,3,2,1,1,2,3,3,2,1,1,2,1,1,1,2,2,3,3,2,2,1,1,1,0,2,2,2,2,2,2,2,3,3,1,1
3456115892,0,2,2,3,1,0,2,0,3,3,3,0,0,0,2,2,0,0,0,0,1,2,0,0,3,0,2,0,0,3,1,3,3,0,2,0,0,0,3,0,0,0,0,3,0,3,3,0,0,3,0,3,0,0,0,0,3,0
3428976733,1,3,2,3,2,0,1,2,1,2,2,0,1,1,1,2,2,0,2,1,2,2,2,2,2,0,2,1,0,2,2,2,2,0,2,0,1,1,1,1,1,0,0,2,2,2,2,0,0,0,0,2,0,1,1,1,1,0
3394466675,2,2,1,2,2,3,2,2,0,1,3,1,2,0,0,3,0,1,2,1,2,1,0,1,1,0,2,1,0,3,3,1,3,0,1,1,0,1,2,0,1,0,1,2,1,2,1,0,0,2,0,3,0,0,0,0,1,0
3311032316,1,3,1,0,1,2,0,1,1,0,3,0,0,0,2,2,1,0,0,0,1,1,0,2,2,0,3,2,0,2,2,1,3,0,1,0,1,0,2,0,2,0,1,3,2,2,1,0,0,2,1,3,0,0,0,0,2,0
3478294460,0,2,1,3,1,0,1,0,0,2,2,0,0,0,0,2,0,0,1,2,2,1,0,0,2,0,2,1,0,3,2,1,2,0,2,0,0,0,2,0,2,0,0,3,1,3,3,0,0,2,0,2,0,0,0,0,1,0
3395963552,2,3,2,3,2,0,1,2,1,1,0,0,1,0,0,2,3,2,1,2,2,3,3,2,3,1,1,1,2,2,3,3,2,1,3,2,1,2,3,3,2,2,0,1,2,3,1,2,1,2,2,1,0,1,2,2,1,0
3333672280,0,3,3,0,3,1,0,1,1,2,3,1,0,2,1,3,1,3,1,0,0,0,1,0,2,1,2,1,0,1,3,1,3,0,2,0,1,1,3,0,3,0,0,3,2,2,2,0,0,3,1,3,0,0,0,1,3,0
3664548042,2,1,2,3,2,0,1,1,1,1,2,0,0,0,1,1,2,0,1,1,2,1,0,1,2,0,1,1,1,1,2,1,2,0,2,1,1,1,2,0,1,0,0,2,0,2,3,1,0,1,1,2,0,0,0,0,1,1
3282753348,3,3,2,3,2,1,0,1,3,1,2,0,2,0,0,1,2,0,2,0,2,1,1,1,2,0,3,1,0,2,1,2,2,0,2,1,2,2,2,1,1,0,0,1,1,2,2,0,1,1,1,2,0,0,0,0,1,1
3420200692,1,3,2,3,2,1,1,0,1,3,3,0,0,0,0,2,0,0,1,0,2,1,0,0,1,0,1,0,0,3,2,2,3,1,3,0,0,0,3,0,3,0,0,3,0,3,3,0,0,2,0,3,0,0,0,0,3,0
3397350077,2,3,1,1,2,0,2,1,1,2,2,0,2,0,2,1,2,0,1,1,2,2,1,0,0,0,2,1,1,2,2,1,3,0,1,1,2,1,3,0,1,0,2,2,2,2,2,0,0,0,0,3,0,1,0,0,1,0
3483195353,0,3,2,3,0,0,1,0,0,1,3,0,0,0,1,2,1,0,0,0,2,2,0,0,3,0,1,1,0,3,2,1,3,0,3,0,1,0,3,0,2,0,0,3,0,1,2,0,0,2,0,3,0,0,0,0,2,0
3336930797,2,3,3,3,2,0,1,0,0,3,2,0,2,0,2,2,1,0,1,0,2,2,0,0,2,0,2,0,0,3,2,1,3,0,2,0,1,2,3,0,0,0,0,3,1,2,3,0,0,2,0,2,0,0,0,0,1,0
3317545421,2,2,3,3,2,0,1,0,1,1,2,0,3,0,0,1,2,0,2,0,2,2,0,0,0,0,1,2,0,3,0,0,3,0,1,0,0,2,3,0,1,0,0,1,0,1,3,0,0,1,0,2,0,1,0,0,1,0
3467559184,2,3,2,1,3,3,2,2,1,2,2,3,2,2,2,3,2,3,0,0,2,0,1,2,3,2,2,1,1,2,3,2,2,1,2,3,2,3,2,2,3,2,2,3,2,2,3,3,2,2,2,1,1,2,2,2,2,2
3342177251,2,3,2,2,1,0,2,0,2,3,3,0,1,0,2,1,1,0,1,0,2,2,0,1,1,0,1,1,0,3,2,2,3,0,0,0,1,1,2,0,1,0,1,1,2,2,2,0,0,1,0,3,0,1,0,0,1,0
3334971564,1,2,2,3,2,0,1,1,1,2,3,0,1,0,1,2,2,0,1,0,1,2,2,0,2,0,1,1,0,2,2,1,3,0,2,0,1,1,2,0,2,0,0,3,1,2,2,0,0,2,1,3,0,0,1,1,2,0
3311919255,2,3,1,3,1,0,2,0,0,2,3,0,0,0,0,0,0,0,1,0,2,2,0,0,1,0,1,1,0,3,0,1,3,0,2,0,0,1,2,0,2,0,0,2,0,1,3,0,0,1,0,3,0,0,0,0,2,0
3489927284,2,2,2,2,0,1,2,1,1,2,2,0,1,0,1,1,2,0,2,0,3,3,2,0,0,1,1,1,1,3,1,2,2,0,3,0,0,2,2,1,1,0,0,1,1,2,3,0,0,1,0,2,0,0,0,0,1,0
3458983574,3,3,3,3,2,1,1,0,2,2,2,0,2,0,2,1,2,0,2,0,2,2,0,0,0,0,1,2,0,3,1,2,3,0,1,0,1,1,3,0,1,0,2,1,2,2,2,0,0,0,0,3,0,0,0,0,1,0
3337487200,2,3,2,2,1,1,2,2,0,0,2,0,1,0,1,0,0,0,0,1,2,3,0,1,0,0,2,2,0,3,0,2,3,0,1,0,0,0,3,0,1,0,0,0,0,1,0,0,0,0,0,3,0,2,0,0,2,0
3892305104,1,3,1,3,0,0,1,1,0,2,2,0,0,0,0,3,1,0,1,2,3,2,1,0,2,0,2,0,0,3,1,1,3,0,2,0,0,1,2,0,2,0,0,3,1,2,3,0,0,2,0,3,0,0,0,0,3,0
3341420106,0,2,2,3,0,0,1,0,2,2,2,2,0,0,0,3,3,0,2,0,1,1,0,0,2,1,3,1,1,3,2,0,3,1,2,1,0,2,2,0,3,2,0,3,2,0,3,1,1,2,0,2,0,0,0,0,2,0
3497763400,1,2,1,3,2,0,1,2,0,2,1,0,0,0,0,2,1,0,0,0,2,2,0,0,2,0,1,0,0,2,2,0,2,0,2,0,0,0,2,0,2,0,0,2,0,1,2,0,0,1,0,2,0,0,0,0,2,0
33783670400,3,3,2,3,1,0,2,1,0,3,3,0,1,0,2,1,2,0,0,0,3,2,0,0,1,0,2,0,0,3,1,1,3,0,1,0,1,0,3,0,2,0,0,1,0,2,1,0,0,2,0,3,0,2,0,0,2,0
3925461159,1,3,1,2,0,0,1,1,0,2,2,0,1,0,1,2,0,0,0,0,2,1,0,1,2,0,3,0,0,3,1,1,3,0,3,0,0,0,3,0,1,0,0,3,0,1,3,0,0,3,0,2,0,0,0,0,2,0
3401662999,2,3,2,0,2,0,2,2,1,2,3,0,0,0,2,1,2,0,1,0,2,2,1,0,1,1,2,1,1,2,0,3,3,0,2,0,1,1,3,0,3,0,2,2,2,1,0,0,0,1,1,2,0,0,0,0,0,0
3403943604,0,3,1,3,0,0,2,1,0,3,3,0,0,0,0,2,2,0,0,0,1,1,1,0,1,1,1,1,0,3,1,2,3,0,2,0,0,0,3,0,2,1,0,2,1,2,2,0,0,1,0,3,0,1,0,0,2,0
3806950650,1,0,0,2,1,1,3,3,2,3,0,0,0,1,0,0,2,1,0,0,3,0,3,1,3,1,1,3,0,3,0,3,0,1,3,3,0,0,3,1,0,1,0,0,0,3,3,3,3,1,1,0,1,1,0,1,0,1
3883746006,2,3,2,3,2,2,2,3,2,2,2,0,0,0,0,1,1,0,0,0,2,1,0,0,0,0,3,1,0,3,1,1,3,0,2,1,1,1,3,0,3,0,0,2,1,1,2,0,2,1,0,3,0,2,0,0,2,0
3473918493,1,2,1,3,1,0,1,1,1,1,2,1,1,0,0,1,2,0,1,1,2,2,2,1,1,1,2,1,1,3,1,1,3,0,2,1,1,1,2,0,1,1,1,3,2,2,2,1,0,1,0,2,0,0,0,0,1,0
3485956383,2,3,1,1,0,1,1,0,0,2,3,0,1,0,1,1,0,0,2,0,2,2,1,0,1,0,2,0,0,3,2,2,3,0,1,0,0,2,2,0,0,0,0,3,1,1,0,0,0,1,0,2,0,1,0,0,0,0
3401270582,3,2,2,3,1,0,3,2,0,1,2,0,2,1,1,1,1,0,2,2,3,2,1,0,1,1,1,2,1,3,2,2,2,0,2,2,1,1,3,0,2,1,0,1,1,1,2,1,0,0,0,2,0,1,1,0,1,0
3478840406,1,2,1,3,0,1,2,1,0,0,2,0,0,1,0,1,2,0,1,1,3,2,0,0,2,0,0,1,1,3,2,2,1,0,2,1,0,2,3,0,2,0,0,2,1,1,2,1,0,1,0,1,0,0,1,0,1,0
3920224683,2,3,2,3,1,0,1,1,0,1,3,0,2,0,1,1,2,0,1,0,2,2,0,0,2,0,2,2,0,3,2,1,3,0,2,0,1,2,3,0,0,0,2,1,1,3,2,0,0,2,0,3,0,1,0,0,1,0
3318067046,2,2,2,3,2,0,2,0,0,2,2,0,0,0,2,1,0,0,1,0,2,2,0,0,1,0,1,1,0,3,1,1,3,0,2,0,0,0,3,0,3,0,0,3,0,2,3,0,0,2,0,3,0,0,0,0,2,0
3387517461,3,3,3,3,1,1,1,1,1,1,3,0,0,0,3,1,1,0,0,0,0,2,0,0,0,0,1,2,0,3,0,1,3,0,1,0,3,0,2,0,1,0,3,3,1,1,2,0,0,0,0,3,0,0,0,1,2,0
3667272818,1,3,1,3,0,1,0,2,0,0,2,0,0,0,0,2,1,0,1,0,2,2,0,0,1,2,0,2,0,3,1,2,2,0,2,2,0,0,2,0,1,1,0,3,0,0,1,0,0,1,0,3,0,0,0,0,2,0
3339796982,2,3,1,3,2,0,0,1,0,2,3,0,1,1,1,2,3,0,3,0,3,0,0,0,2,2,3,0,0,3,2,3,3,0,3,0,1,1,3,0,2,2,0,2,0,1,0,0,0,2,0,0,0,0,0,0,1,0
3774219750,2,3,2,3,1,0,2,1,1,2,2,0,1,0,0,0,1,0,1,0,2,1,0,0,0,0,0,0,0,3,1,1,3,0,2,0,0,1,2,0,1,0,0,1,0,2,3,0,0,0,0,3,0,1,0,0,1,0
3402664341,1,3,1,1,0,2,1,0,0,1,3,0,1,0,0,1,1,0,1,0,2,1,1,1,2,0,1,2,0,3,1,1,3,0,2,0,0,0,3,0,1,0,0,1,0,1,2,0,0,1,0,2,0,0,0,0,1,0
3343693017,1,2,2,3,1,0,1,2,1,2,2,0,0,0,0,0,1,0,0,1,2,1,2,0,1,0,0,0,0,3,1,1,3,0,2,0,0,1,2,0,3,0,0,2,0,1,3,0,0,0,0,3,0,0,0,0,2,0
3427812776,2,3,1,2,2,0,2,1,2,2,3,0,1,2,0,1,2,0,0,0,2,1,0,2,1,0,1,0,0,3,1,1,3,0,3,1,1,0,3,0,2,0,0,2,2,2,3,0,0,2,0,3,0,1,0,0,1,0
3311514507,2,3,2,1,3,0,2,0,3,1,2,0,2,1,1,1,0,3,2,0,1,1,0,1,3,0,1,1,0,2,2,1,3,0,2,0,0,0,1,0,1,0,2,2,1,1,2,0,3,1,0,3,0,0,0,0,1,0
3663707404,2,3,2,3,1,0,1,0,0,2,2,0,0,0,1,2,0,0,1,0,2,1,0,0,2,0,1,1,0,2,2,1,2,0,2,1,0,0,2,0,2,0,0,3,0,1,3,0,0,2,0,3,0,0,0,0,2,0
3347117521,1,3,2,3,1,0,2,1,1,1,3,0,1,0,1,1,2,0,1,0,2,2,1,1,1,0,1,1,0,2,2,1,3,0,2,0,1,1,2,0,2,1,1,2,2,2,2,0,0,1,1,3,0,0,0,0,2,0
3314994466,2,2,1,2,3,1,2,2,1,1,2,1,1,2,1,3,2,2,2,2,2,1,0,0,1,1,0,1,2,2,2,2,2,0,3,2,1,1,2,0,2,0,0,1,2,2,1,2,0,1,0,2,0,1,1,0,1,0
3334542104,3,3,2,3,2,0,2,0,1,3,3,0,2,0,1,1,0,0,2,0,2,2,0,0,1,0,2,0,0,2,0,1,3,0,1,0,0,1,3,0,1,0,0,2,0,1,3,0,0,1,0,3,0,0,0,0,1,0
3452198846,3,3,2,2,3,0,2,0,0,0,3,0,0,0,2,0,0,0,1,0,2,2,1,2,1,0,2,2,0,3,1,2,3,0,2,0,2,1,3,0,1,1,0,1,2,1,3,0,0,0,0,3,0,1,0,0,1,0
3384230549,2,3,1,3,1,0,2,1,0,1,3,1,2,1,1,1,0,0,1,0,2,2,0,0,2,0,3,1,0,3,1,1,3,0,2,0,0,0,2,0,2,0,0,2,1,0,2,0,0,2,0,3,0,0,0,0,1,0
3935500366,2,3,2,0,1,1,2,1,2,0,2,0,2,0,2,1,1,1,2,1,3,3,1,0,1,1,2,3,1,2,2,2,2,0,1,0,2,2,3,0,1,0,2,1,2,2,0,1,0,1,0,2,0,1,0,1,1,0
3664904129,2,3,1,1,2,1,2,0,2,2,2,0,2,0,0,1,1,0,2,0,2,3,2,0,2,0,2,0,0,3,3,3,3,0,2,0,1,2,2,0,0,0,0,2,0,2,2,0,0,0,0,3,0,0,0,0,1,0
3333087407,2,2,2,3,2,0,2,0,2,2,2,0,1,0,1,2,2,0,1,0,2,2,0,0,2,0,1,1,0,2,1,2,3,0,2,0,0,0,2,0,2,0,0,2,1,1,1,0,0,1,0,2,0,2,0,0,2,0
3388833022,2,1,2,1,2,2,2,2,1,2,2,2,1,1,2,1,2,2,2,2,1,2,2,1,1,2,2,2,2,1,1,2,1,1,1,1,2,2,1,2,1,2,1,1,2,2,1,2,2,2,1,1,2,2,2,2,2,1
3486981778,3,3,2,2,2,1,2,1,0,1,3,0,0,3,2,2,1,0,0,0,2,2,1,0,1,1,2,2,0,3,1,2,3,0,2,0,2,1,2,0,2,0,0,3,2,3,2,0,0,1,0,3,0,0,0,0,3,0
3313224759,2,2,2,3,0,0,1,0,0,2,2,0,0,0,2,3,0,0,0,0,3,1,0,0,2,0,3,0,0,3,3,3,3,0,3,0,0,0,1,0,3,0,3,3,0,3,3,0,0,3,0,3,0,0,0,0,3,0
